-- MySQL dump 10.13  Distrib 8.0.40, for Win64 (x86_64)
--
-- Host: 127.0.0.1    Database: reservation_system
-- ------------------------------------------------------
-- Server version	8.0.40

/*!40101 SET @OLD_CHARACTER_SET_CLIENT=@@CHARACTER_SET_CLIENT */;
/*!40101 SET @OLD_CHARACTER_SET_RESULTS=@@CHARACTER_SET_RESULTS */;
/*!40101 SET @OLD_COLLATION_CONNECTION=@@COLLATION_CONNECTION */;
/*!50503 SET NAMES utf8 */;
/*!40103 SET @OLD_TIME_ZONE=@@TIME_ZONE */;
/*!40103 SET TIME_ZONE='+00:00' */;
/*!40014 SET @OLD_UNIQUE_CHECKS=@@UNIQUE_CHECKS, UNIQUE_CHECKS=0 */;
/*!40014 SET @OLD_FOREIGN_KEY_CHECKS=@@FOREIGN_KEY_CHECKS, FOREIGN_KEY_CHECKS=0 */;
/*!40101 SET @OLD_SQL_MODE=@@SQL_MODE, SQL_MODE='NO_AUTO_VALUE_ON_ZERO' */;
/*!40111 SET @OLD_SQL_NOTES=@@SQL_NOTES, SQL_NOTES=0 */;

--
-- Table structure for table `destination_keywords`
--

DROP TABLE IF EXISTS `destination_keywords`;
/*!40101 SET @saved_cs_client     = @@character_set_client */;
/*!50503 SET character_set_client = utf8mb4 */;
CREATE TABLE `destination_keywords` (
  `id` int NOT NULL AUTO_INCREMENT,
  `destination_id` int NOT NULL,
  `keyword` enum('beach','city','mountains','snow','adventure','luxury','budget','cultural','island','romantic') NOT NULL,
  PRIMARY KEY (`id`),
  KEY `destination_id` (`destination_id`),
  KEY `idx_keyword` (`keyword`,`destination_id`),
  CONSTRAINT `destination_keywords_ibfk_1` FOREIGN KEY (`destination_id`) REFERENCES `destinations` (`destination_id`) ON DELETE CASCADE
) ENGINE=InnoDB AUTO_INCREMENT=151 DEFAULT CHARSET=utf8mb4 COLLATE=utf8mb4_0900_ai_ci;
/*!40101 SET character_set_client = @saved_cs_client */;

--
-- Dumping data for table `destination_keywords`
--

LOCK TABLES `destination_keywords` WRITE;
/*!40000 ALTER TABLE `destination_keywords` DISABLE KEYS */;
INSERT INTO `destination_keywords` VALUES (1,1,'beach'),(13,5,'beach'),(22,8,'beach'),(32,11,'beach'),(34,12,'beach'),(44,15,'beach'),(48,16,'beach'),(50,17,'beach'),(68,23,'beach'),(73,25,'beach'),(78,26,'beach'),(85,29,'beach'),(97,33,'beach'),(100,34,'beach'),(117,39,'beach'),(135,45,'beach'),(148,50,'beach'),(4,2,'city'),(10,4,'city'),(16,6,'city'),(19,7,'city'),(31,11,'city'),(37,13,'city'),(40,14,'city'),(46,16,'city'),(49,17,'city'),(55,19,'city'),(61,21,'city'),(64,22,'city'),(67,23,'city'),(70,24,'city'),(79,27,'city'),(82,28,'city'),(88,30,'city'),(94,32,'city'),(106,36,'city'),(109,37,'city'),(112,38,'city'),(115,39,'city'),(118,40,'city'),(121,41,'city'),(124,42,'city'),(130,44,'city'),(133,45,'city'),(136,46,'city'),(139,47,'city'),(142,48,'city'),(145,49,'city'),(7,3,'mountains'),(25,9,'mountains'),(28,10,'mountains'),(47,16,'mountains'),(54,18,'mountains'),(58,20,'mountains'),(91,31,'mountains'),(127,43,'mountains'),(8,3,'snow'),(27,9,'snow'),(52,18,'snow'),(60,20,'snow'),(103,35,'snow'),(128,43,'snow'),(141,47,'snow'),(144,48,'snow'),(146,49,'snow'),(2,1,'adventure'),(9,3,'adventure'),(12,4,'adventure'),(18,6,'adventure'),(24,8,'adventure'),(26,9,'adventure'),(29,10,'adventure'),(35,12,'adventure'),(45,15,'adventure'),(51,17,'adventure'),(53,18,'adventure'),(59,20,'adventure'),(66,22,'adventure'),(72,24,'adventure'),(75,25,'adventure'),(84,28,'adventure'),(89,30,'adventure'),(93,31,'adventure'),(96,32,'adventure'),(104,35,'adventure'),(107,36,'adventure'),(111,37,'adventure'),(114,38,'adventure'),(116,39,'adventure'),(123,41,'adventure'),(129,43,'adventure'),(132,44,'adventure'),(138,46,'adventure'),(11,4,'luxury'),(14,5,'luxury'),(21,7,'luxury'),(69,23,'luxury'),(87,29,'luxury'),(95,32,'luxury'),(99,33,'luxury'),(119,40,'luxury'),(122,41,'luxury'),(150,50,'luxury'),(43,15,'budget'),(76,26,'budget'),(6,2,'cultural'),(17,6,'cultural'),(20,7,'cultural'),(30,10,'cultural'),(33,11,'cultural'),(38,13,'cultural'),(41,14,'cultural'),(56,19,'cultural'),(62,21,'cultural'),(65,22,'cultural'),(71,24,'cultural'),(77,26,'cultural'),(81,27,'cultural'),(83,28,'cultural'),(90,30,'cultural'),(92,31,'cultural'),(105,35,'cultural'),(108,36,'cultural'),(110,37,'cultural'),(113,38,'cultural'),(120,40,'cultural'),(125,42,'cultural'),(131,44,'cultural'),(134,45,'cultural'),(137,46,'cultural'),(140,47,'cultural'),(143,48,'cultural'),(147,49,'cultural'),(3,1,'island'),(15,5,'island'),(23,8,'island'),(36,12,'island'),(74,25,'island'),(86,29,'island'),(98,33,'island'),(101,34,'island'),(149,50,'island'),(5,2,'romantic'),(39,13,'romantic'),(42,14,'romantic'),(57,19,'romantic'),(63,21,'romantic'),(80,27,'romantic'),(102,34,'romantic'),(126,42,'romantic');
/*!40000 ALTER TABLE `destination_keywords` ENABLE KEYS */;
UNLOCK TABLES;

--
-- Table structure for table `destinations`
--

DROP TABLE IF EXISTS `destinations`;
/*!40101 SET @saved_cs_client     = @@character_set_client */;
/*!50503 SET character_set_client = utf8mb4 */;
CREATE TABLE `destinations` (
  `destination_id` int NOT NULL AUTO_INCREMENT,
  `name` varchar(100) NOT NULL,
  `country` varchar(100) NOT NULL,
  PRIMARY KEY (`destination_id`),
  KEY `idx_country` (`country`)
) ENGINE=InnoDB AUTO_INCREMENT=52 DEFAULT CHARSET=utf8mb4 COLLATE=utf8mb4_0900_ai_ci;
/*!40101 SET character_set_client = @saved_cs_client */;

--
-- Dumping data for table `destinations`
--

LOCK TABLES `destinations` WRITE;
/*!40000 ALTER TABLE `destinations` DISABLE KEYS */;
INSERT INTO `destinations` VALUES (1,'Bali','Indonesia'),(2,'Paris','France'),(3,'Swiss Alps','Switzerland'),(4,'Dubai','UAE'),(5,'Maldives','Maldives'),(6,'Tokyo','Japan'),(7,'New York','USA'),(8,'Zakynthos','Greece'),(9,'Banff','Canada'),(10,'Machu Picchu','Peru'),(11,'Barcelona','Spain'),(12,'Hawaii','USA'),(13,'Prague','Czech Republic'),(14,'Rome','Italy'),(15,'Sydney','Australia'),(16,'Cape Town','South Africa'),(17,'Rio de Janeiro','Brazil'),(18,'Lapland','Finland'),(19,'Vienna','Austria'),(20,'Tromso','Norway'),(21,'Amsterdam','Netherlands'),(22,'Cairo','Egypt'),(23,'Los Angeles','USA'),(24,'Seoul','South Korea'),(25,'Phuket','Thailand'),(26,'Lisbon','Portugal'),(27,'Venice','Italy'),(28,'Edinburgh','Scotland'),(29,'Bora Bora','French Polynesia'),(30,'Bangkok','Thailand'),(31,'Kathmandu','Nepal'),(32,'Hong Kong','China'),(33,'Mykonos','Greece'),(34,'Santorini','Greece'),(35,'Reykjavik','Iceland'),(36,'Nairobi','Kenya'),(37,'Buenos Aires','Argentina'),(38,'Marrakech','Morocco'),(39,'Auckland','New Zealand'),(40,'Doha','Qatar'),(41,'Abu Dhabi','UAE'),(42,'Athens','Greece'),(43,'Zermatt','Switzerland'),(44,'Ho Chi Minh City','Vietnam'),(45,'Havana','Cuba'),(46,'Delhi','India'),(47,'Stockholm','Sweden'),(48,'Montreal','Canada'),(49,'Oslo','Norway'),(50,'Fiji','Fiji');
/*!40000 ALTER TABLE `destinations` ENABLE KEYS */;
UNLOCK TABLES;

--
-- Table structure for table `flight_seats`
--

DROP TABLE IF EXISTS `flight_seats`;
/*!40101 SET @saved_cs_client     = @@character_set_client */;
/*!50503 SET character_set_client = utf8mb4 */;
CREATE TABLE `flight_seats` (
  `flight_id` int NOT NULL,
  `seat_class` enum('economy','business','first') NOT NULL,
  `available_seats` int NOT NULL,
  `price_per_seat` decimal(10,2) NOT NULL,
  PRIMARY KEY (`flight_id`,`seat_class`),
  KEY `idx_price_per_seat` (`price_per_seat`,`flight_id`),
  KEY `idx_flight_seats` (`flight_id`,`seat_class`),
  CONSTRAINT `flight_seats_ibfk_1` FOREIGN KEY (`flight_id`) REFERENCES `flights` (`flight_id`) ON DELETE CASCADE,
  CONSTRAINT `flight_seats_chk_1` CHECK ((`available_seats` >= 0)),
  CONSTRAINT `flight_seats_chk_2` CHECK ((`price_per_seat` >= 0))
) ENGINE=InnoDB DEFAULT CHARSET=utf8mb4 COLLATE=utf8mb4_0900_ai_ci;
/*!40101 SET character_set_client = @saved_cs_client */;

--
-- Dumping data for table `flight_seats`
--

LOCK TABLES `flight_seats` WRITE;
/*!40000 ALTER TABLE `flight_seats` DISABLE KEYS */;
INSERT INTO `flight_seats` VALUES (1,'economy',151,1700.00),(1,'business',12,3400.00),(1,'first',10,5100.00),(2,'economy',150,1700.00),(2,'business',20,3400.00),(2,'first',10,5100.00),(3,'economy',150,1700.00),(3,'business',20,3400.00),(3,'first',10,5100.00),(4,'economy',150,1700.00),(4,'business',20,3400.00),(4,'first',10,5100.00),(5,'economy',150,1700.00),(5,'business',20,3400.00),(5,'first',10,5100.00),(6,'economy',150,1700.00),(6,'business',20,3400.00),(6,'first',10,5100.00),(7,'economy',150,1700.00),(7,'business',20,3400.00),(7,'first',10,5100.00),(8,'economy',150,1700.00),(8,'business',20,3400.00),(8,'first',10,5100.00),(9,'economy',150,1700.00),(9,'business',20,3400.00),(9,'first',10,5100.00),(10,'economy',150,1700.00),(10,'business',20,3400.00),(10,'first',10,5100.00),(11,'economy',150,1700.00),(11,'business',20,3400.00),(11,'first',10,5100.00),(12,'economy',150,1700.00),(12,'business',20,3400.00),(12,'first',10,5100.00),(13,'economy',150,1700.00),(13,'business',20,3400.00),(13,'first',10,5100.00),(14,'economy',150,1700.00),(14,'business',20,3400.00),(14,'first',10,5100.00),(15,'economy',150,1700.00),(15,'business',20,3400.00),(15,'first',10,5100.00),(16,'economy',150,1700.00),(16,'business',20,3400.00),(16,'first',10,5100.00),(17,'economy',150,1700.00),(17,'business',20,3400.00),(17,'first',10,5100.00),(18,'economy',150,1700.00),(18,'business',20,3400.00),(18,'first',10,5100.00),(19,'economy',150,1700.00),(19,'business',20,3400.00),(19,'first',10,5100.00),(20,'economy',150,1700.00),(20,'business',20,3400.00),(20,'first',10,5100.00),(21,'economy',150,1700.00),(21,'business',20,3400.00),(21,'first',10,5100.00),(22,'economy',150,1700.00),(22,'business',20,3400.00),(22,'first',10,5100.00),(23,'economy',150,1700.00),(23,'business',20,3400.00),(23,'first',10,5100.00),(24,'economy',150,1700.00),(24,'business',20,3400.00),(24,'first',10,5100.00),(25,'economy',150,200.00),(25,'business',20,400.00),(25,'first',10,600.00),(26,'economy',150,200.00),(26,'business',20,400.00),(26,'first',10,600.00),(27,'economy',150,200.00),(27,'business',20,400.00),(27,'first',10,600.00),(28,'economy',150,200.00),(28,'business',20,400.00),(28,'first',10,600.00),(29,'economy',150,200.00),(29,'business',20,400.00),(29,'first',10,600.00),(30,'economy',150,200.00),(30,'business',20,400.00),(30,'first',10,600.00),(31,'economy',150,200.00),(31,'business',20,400.00),(31,'first',10,600.00),(32,'economy',150,200.00),(32,'business',20,400.00),(32,'first',10,600.00),(33,'economy',150,200.00),(33,'business',20,400.00),(33,'first',10,600.00),(34,'economy',150,200.00),(34,'business',20,400.00),(34,'first',10,600.00),(35,'economy',150,200.00),(35,'business',20,400.00),(35,'first',10,600.00),(36,'economy',150,200.00),(36,'business',20,400.00),(36,'first',10,600.00),(37,'economy',150,200.00),(37,'business',20,400.00),(37,'first',10,600.00),(38,'economy',150,200.00),(38,'business',20,400.00),(38,'first',10,600.00),(39,'economy',150,200.00),(39,'business',20,400.00),(39,'first',10,600.00),(40,'economy',150,200.00),(40,'business',20,400.00),(40,'first',10,600.00),(41,'economy',150,200.00),(41,'business',20,400.00),(41,'first',10,600.00),(42,'economy',150,200.00),(42,'business',20,400.00),(42,'first',10,600.00),(43,'economy',150,200.00),(43,'business',20,400.00),(43,'first',10,600.00),(44,'economy',150,200.00),(44,'business',20,400.00),(44,'first',10,600.00),(45,'economy',150,200.00),(45,'business',20,400.00),(45,'first',10,600.00),(46,'economy',150,200.00),(46,'business',20,400.00),(46,'first',10,600.00),(47,'economy',150,200.00),(47,'business',20,400.00),(47,'first',10,600.00),(48,'economy',150,200.00),(48,'business',20,400.00),(48,'first',10,600.00),(49,'economy',150,300.00),(49,'business',20,600.00),(49,'first',10,900.00),(50,'economy',150,300.00),(50,'business',20,600.00),(50,'first',10,900.00),(51,'economy',150,300.00),(51,'business',20,600.00),(51,'first',10,900.00),(52,'economy',150,300.00),(52,'business',20,600.00),(52,'first',10,900.00),(53,'economy',150,300.00),(53,'business',20,600.00),(53,'first',10,900.00),(54,'economy',150,300.00),(54,'business',20,600.00),(54,'first',10,900.00),(55,'economy',150,300.00),(55,'business',20,600.00),(55,'first',10,900.00),(56,'economy',150,300.00),(56,'business',20,600.00),(56,'first',10,900.00),(57,'economy',150,300.00),(57,'business',20,600.00),(57,'first',10,900.00),(58,'economy',150,300.00),(58,'business',20,600.00),(58,'first',10,900.00),(59,'economy',150,300.00),(59,'business',20,600.00),(59,'first',10,900.00),(60,'economy',150,300.00),(60,'business',20,600.00),(60,'first',10,900.00),(61,'economy',150,300.00),(61,'business',20,600.00),(61,'first',10,900.00),(62,'economy',150,300.00),(62,'business',20,600.00),(62,'first',10,900.00),(63,'economy',150,300.00),(63,'business',20,600.00),(63,'first',10,900.00),(64,'economy',150,300.00),(64,'business',20,600.00),(64,'first',10,900.00),(65,'economy',150,300.00),(65,'business',20,600.00),(65,'first',10,900.00),(66,'economy',150,300.00),(66,'business',20,600.00),(66,'first',10,900.00),(67,'economy',150,300.00),(67,'business',20,600.00),(67,'first',10,900.00),(68,'economy',150,300.00),(68,'business',20,600.00),(68,'first',10,900.00),(69,'economy',150,300.00),(69,'business',20,600.00),(69,'first',10,900.00),(70,'economy',150,300.00),(70,'business',20,600.00),(70,'first',10,900.00),(71,'economy',150,300.00),(71,'business',20,600.00),(71,'first',10,900.00),(72,'economy',150,300.00),(72,'business',20,600.00),(72,'first',10,900.00),(73,'economy',150,600.00),(73,'business',20,1200.00),(73,'first',10,1800.00),(74,'economy',150,600.00),(74,'business',20,1200.00),(74,'first',10,1800.00),(75,'economy',150,600.00),(75,'business',20,1200.00),(75,'first',10,1800.00),(76,'economy',150,600.00),(76,'business',20,1200.00),(76,'first',10,1800.00),(77,'economy',150,600.00),(77,'business',20,1200.00),(77,'first',10,1800.00),(78,'economy',150,600.00),(78,'business',20,1200.00),(78,'first',10,1800.00),(79,'economy',150,600.00),(79,'business',20,1200.00),(79,'first',10,1800.00),(80,'economy',150,600.00),(80,'business',20,1200.00),(80,'first',10,1800.00),(81,'economy',150,600.00),(81,'business',20,1200.00),(81,'first',10,1800.00),(82,'economy',150,600.00),(82,'business',20,1200.00),(82,'first',10,1800.00),(83,'economy',150,600.00),(83,'business',20,1200.00),(83,'first',10,1800.00),(84,'economy',150,600.00),(84,'business',20,1200.00),(84,'first',10,1800.00),(85,'economy',150,600.00),(85,'business',20,1200.00),(85,'first',10,1800.00),(86,'economy',150,600.00),(86,'business',20,1200.00),(86,'first',10,1800.00),(87,'economy',150,600.00),(87,'business',20,1200.00),(87,'first',10,1800.00),(88,'economy',150,600.00),(88,'business',20,1200.00),(88,'first',10,1800.00),(89,'economy',150,600.00),(89,'business',20,1200.00),(89,'first',10,1800.00),(90,'economy',150,600.00),(90,'business',20,1200.00),(90,'first',10,1800.00),(91,'economy',150,600.00),(91,'business',20,1200.00),(91,'first',10,1800.00),(92,'economy',150,600.00),(92,'business',20,1200.00),(92,'first',10,1800.00),(93,'economy',150,600.00),(93,'business',20,1200.00),(93,'first',10,1800.00),(94,'economy',150,600.00),(94,'business',20,1200.00),(94,'first',10,1800.00),(95,'economy',150,600.00),(95,'business',20,1200.00),(95,'first',10,1800.00),(96,'economy',150,600.00),(96,'business',20,1200.00),(96,'first',10,1800.00),(97,'economy',150,2000.00),(97,'business',20,4000.00),(97,'first',10,6000.00),(98,'economy',150,2000.00),(98,'business',20,4000.00),(98,'first',10,6000.00),(99,'economy',150,2000.00),(99,'business',20,4000.00),(99,'first',10,6000.00),(100,'economy',150,2000.00),(100,'business',20,4000.00),(100,'first',10,6000.00),(101,'economy',150,2000.00),(101,'business',20,4000.00),(101,'first',10,6000.00),(102,'economy',150,2000.00),(102,'business',20,4000.00),(102,'first',10,6000.00),(103,'economy',150,2000.00),(103,'business',20,4000.00),(103,'first',10,6000.00),(104,'economy',150,2000.00),(104,'business',20,4000.00),(104,'first',10,6000.00),(105,'economy',150,2000.00),(105,'business',20,4000.00),(105,'first',10,6000.00),(106,'economy',150,2000.00),(106,'business',20,4000.00),(106,'first',10,6000.00),(107,'economy',150,2000.00),(107,'business',20,4000.00),(107,'first',10,6000.00),(108,'economy',150,2000.00),(108,'business',20,4000.00),(108,'first',10,6000.00),(109,'economy',150,2000.00),(109,'business',20,4000.00),(109,'first',10,6000.00),(110,'economy',150,2000.00),(110,'business',20,4000.00),(110,'first',10,6000.00),(111,'economy',150,2000.00),(111,'business',20,4000.00),(111,'first',10,6000.00),(112,'economy',150,2000.00),(112,'business',20,4000.00),(112,'first',10,6000.00),(113,'economy',150,2000.00),(113,'business',20,4000.00),(113,'first',10,6000.00),(114,'economy',150,2000.00),(114,'business',20,4000.00),(114,'first',10,6000.00),(115,'economy',150,2000.00),(115,'business',20,4000.00),(115,'first',10,6000.00),(116,'economy',150,2000.00),(116,'business',20,4000.00),(116,'first',10,6000.00),(117,'economy',150,2000.00),(117,'business',20,4000.00),(117,'first',10,6000.00),(118,'economy',150,2000.00),(118,'business',20,4000.00),(118,'first',10,6000.00),(119,'economy',150,2000.00),(119,'business',20,4000.00),(119,'first',10,6000.00),(120,'economy',150,2000.00),(120,'business',20,4000.00),(120,'first',10,6000.00),(121,'economy',150,1950.00),(121,'business',20,3900.00),(121,'first',10,5850.00),(122,'economy',150,1950.00),(122,'business',20,3900.00),(122,'first',10,5850.00),(123,'economy',150,1950.00),(123,'business',20,3900.00),(123,'first',10,5850.00),(124,'economy',150,1950.00),(124,'business',20,3900.00),(124,'first',10,5850.00),(125,'economy',150,1950.00),(125,'business',20,3900.00),(125,'first',10,5850.00),(126,'economy',150,1950.00),(126,'business',20,3900.00),(126,'first',10,5850.00),(127,'economy',150,1950.00),(127,'business',20,3900.00),(127,'first',10,5850.00),(128,'economy',150,1950.00),(128,'business',20,3900.00),(128,'first',10,5850.00),(129,'economy',150,1950.00),(129,'business',20,3900.00),(129,'first',10,5850.00),(130,'economy',150,1950.00),(130,'business',20,3900.00),(130,'first',10,5850.00),(131,'economy',150,1950.00),(131,'business',20,3900.00),(131,'first',10,5850.00),(132,'economy',150,1950.00),(132,'business',20,3900.00),(132,'first',10,5850.00),(133,'economy',150,1950.00),(133,'business',20,3900.00),(133,'first',10,5850.00),(134,'economy',150,1950.00),(134,'business',20,3900.00),(134,'first',10,5850.00),(135,'economy',150,1950.00),(135,'business',20,3900.00),(135,'first',10,5850.00),(136,'economy',150,1950.00),(136,'business',20,3900.00),(136,'first',10,5850.00),(137,'economy',150,1950.00),(137,'business',20,3900.00),(137,'first',10,5850.00),(138,'economy',150,1950.00),(138,'business',20,3900.00),(138,'first',10,5850.00),(139,'economy',150,1950.00),(139,'business',20,3900.00),(139,'first',10,5850.00),(140,'economy',150,1950.00),(140,'business',20,3900.00),(140,'first',10,5850.00),(141,'economy',150,1950.00),(141,'business',20,3900.00),(141,'first',10,5850.00),(142,'economy',150,1950.00),(142,'business',20,3900.00),(142,'first',10,5850.00),(143,'economy',150,1950.00),(143,'business',20,3900.00),(143,'first',10,5850.00),(144,'economy',150,1950.00),(144,'business',20,3900.00),(144,'first',10,5850.00),(145,'economy',150,650.00),(145,'business',20,1300.00),(145,'first',10,1950.00),(146,'economy',150,650.00),(146,'business',20,1300.00),(146,'first',10,1950.00),(147,'economy',150,650.00),(147,'business',20,1300.00),(147,'first',10,1950.00),(148,'economy',150,650.00),(148,'business',20,1300.00),(148,'first',10,1950.00),(149,'economy',150,650.00),(149,'business',20,1300.00),(149,'first',10,1950.00),(150,'economy',150,650.00),(150,'business',20,1300.00),(150,'first',10,1950.00),(151,'economy',150,650.00),(151,'business',20,1300.00),(151,'first',10,1950.00),(152,'economy',150,650.00),(152,'business',20,1300.00),(152,'first',10,1950.00),(153,'economy',150,650.00),(153,'business',20,1300.00),(153,'first',10,1950.00),(154,'economy',150,650.00),(154,'business',20,1300.00),(154,'first',10,1950.00),(155,'economy',150,650.00),(155,'business',20,1300.00),(155,'first',10,1950.00),(156,'economy',150,650.00),(156,'business',20,1300.00),(156,'first',10,1950.00),(157,'economy',150,650.00),(157,'business',20,1300.00),(157,'first',10,1950.00),(158,'economy',150,650.00),(158,'business',20,1300.00),(158,'first',10,1950.00),(159,'economy',150,650.00),(159,'business',20,1300.00),(159,'first',10,1950.00),(160,'economy',150,650.00),(160,'business',20,1300.00),(160,'first',10,1950.00),(161,'economy',150,650.00),(161,'business',20,1300.00),(161,'first',10,1950.00),(162,'economy',150,650.00),(162,'business',20,1300.00),(162,'first',10,1950.00),(163,'economy',150,650.00),(163,'business',20,1300.00),(163,'first',10,1950.00),(164,'economy',150,650.00),(164,'business',20,1300.00),(164,'first',10,1950.00),(165,'economy',150,650.00),(165,'business',20,1300.00),(165,'first',10,1950.00),(166,'economy',150,650.00),(166,'business',20,1300.00),(166,'first',10,1950.00),(167,'economy',150,650.00),(167,'business',20,1300.00),(167,'first',10,1950.00),(168,'economy',150,650.00),(168,'business',20,1300.00),(168,'first',10,1950.00),(169,'economy',150,299.00),(169,'business',20,598.00),(169,'first',10,897.00),(170,'economy',150,299.00),(170,'business',20,598.00),(170,'first',10,897.00),(171,'economy',150,299.00),(171,'business',20,598.00),(171,'first',10,897.00),(172,'economy',150,299.00),(172,'business',20,598.00),(172,'first',10,897.00),(173,'economy',150,299.00),(173,'business',20,598.00),(173,'first',10,897.00),(174,'economy',150,299.00),(174,'business',20,598.00),(174,'first',10,897.00),(175,'economy',150,299.00),(175,'business',20,598.00),(175,'first',10,897.00),(176,'economy',150,299.00),(176,'business',20,598.00),(176,'first',10,897.00),(177,'economy',150,299.00),(177,'business',20,598.00),(177,'first',10,897.00),(178,'economy',150,299.00),(178,'business',20,598.00),(178,'first',10,897.00),(179,'economy',150,299.00),(179,'business',20,598.00),(179,'first',10,897.00),(180,'economy',150,299.00),(180,'business',20,598.00),(180,'first',10,897.00),(181,'economy',150,299.00),(181,'business',20,598.00),(181,'first',10,897.00),(182,'economy',150,299.00),(182,'business',20,598.00),(182,'first',10,897.00),(183,'economy',150,299.00),(183,'business',20,598.00),(183,'first',10,897.00),(184,'economy',150,299.00),(184,'business',20,598.00),(184,'first',10,897.00),(185,'economy',150,299.00),(185,'business',20,598.00),(185,'first',10,897.00),(186,'economy',150,299.00),(186,'business',20,598.00),(186,'first',10,897.00),(187,'economy',150,299.00),(187,'business',20,598.00),(187,'first',10,897.00),(188,'economy',150,299.00),(188,'business',20,598.00),(188,'first',10,897.00),(189,'economy',150,299.00),(189,'business',20,598.00),(189,'first',10,897.00),(190,'economy',150,299.00),(190,'business',20,598.00),(190,'first',10,897.00),(191,'economy',150,299.00),(191,'business',20,598.00),(191,'first',10,897.00),(192,'economy',150,299.00),(192,'business',20,598.00),(192,'first',10,897.00),(193,'economy',150,999.00),(193,'business',20,1998.00),(193,'first',10,2997.00),(194,'economy',150,999.00),(194,'business',20,1998.00),(194,'first',10,2997.00),(195,'economy',150,999.00),(195,'business',20,1998.00),(195,'first',10,2997.00),(196,'economy',150,999.00),(196,'business',20,1998.00),(196,'first',10,2997.00),(197,'economy',150,999.00),(197,'business',20,1998.00),(197,'first',10,2997.00),(198,'economy',150,999.00),(198,'business',20,1998.00),(198,'first',10,2997.00),(199,'economy',150,999.00),(199,'business',20,1998.00),(199,'first',10,2997.00),(200,'economy',150,999.00),(200,'business',20,1998.00),(200,'first',10,2997.00),(201,'economy',150,999.00),(201,'business',20,1998.00),(201,'first',10,2997.00),(202,'economy',150,999.00),(202,'business',20,1998.00),(202,'first',10,2997.00),(203,'economy',150,999.00),(203,'business',20,1998.00),(203,'first',10,2997.00),(204,'economy',150,999.00),(204,'business',20,1998.00),(204,'first',10,2997.00),(205,'economy',150,999.00),(205,'business',20,1998.00),(205,'first',10,2997.00),(206,'economy',150,999.00),(206,'business',20,1998.00),(206,'first',10,2997.00),(207,'economy',150,999.00),(207,'business',20,1998.00),(207,'first',10,2997.00),(208,'economy',150,999.00),(208,'business',20,1998.00),(208,'first',10,2997.00),(209,'economy',150,999.00),(209,'business',20,1998.00),(209,'first',10,2997.00),(210,'economy',150,999.00),(210,'business',20,1998.00),(210,'first',10,2997.00),(211,'economy',150,999.00),(211,'business',20,1998.00),(211,'first',10,2997.00),(212,'economy',150,999.00),(212,'business',20,1998.00),(212,'first',10,2997.00),(213,'economy',150,999.00),(213,'business',20,1998.00),(213,'first',10,2997.00),(214,'economy',150,999.00),(214,'business',20,1998.00),(214,'first',10,2997.00),(215,'economy',150,999.00),(215,'business',20,1998.00),(215,'first',10,2997.00),(216,'economy',150,999.00),(216,'business',20,1998.00),(216,'first',10,2997.00),(217,'economy',150,1199.00),(217,'business',20,2398.00),(217,'first',10,3597.00),(218,'economy',150,1199.00),(218,'business',20,2398.00),(218,'first',10,3597.00),(219,'economy',150,1199.00),(219,'business',20,2398.00),(219,'first',10,3597.00),(220,'economy',150,1199.00),(220,'business',20,2398.00),(220,'first',10,3597.00),(221,'economy',150,1199.00),(221,'business',20,2398.00),(221,'first',10,3597.00),(222,'economy',150,1199.00),(222,'business',20,2398.00),(222,'first',10,3597.00),(223,'economy',150,1199.00),(223,'business',20,2398.00),(223,'first',10,3597.00),(224,'economy',150,1199.00),(224,'business',20,2398.00),(224,'first',10,3597.00),(225,'economy',150,1199.00),(225,'business',20,2398.00),(225,'first',10,3597.00),(226,'economy',150,1199.00),(226,'business',20,2398.00),(226,'first',10,3597.00),(227,'economy',150,1199.00),(227,'business',20,2398.00),(227,'first',10,3597.00),(228,'economy',150,1199.00),(228,'business',20,2398.00),(228,'first',10,3597.00),(229,'economy',150,1199.00),(229,'business',20,2398.00),(229,'first',10,3597.00),(230,'economy',150,1199.00),(230,'business',20,2398.00),(230,'first',10,3597.00),(231,'economy',150,1199.00),(231,'business',20,2398.00),(231,'first',10,3597.00),(232,'economy',150,1199.00),(232,'business',20,2398.00),(232,'first',10,3597.00),(233,'economy',150,1199.00),(233,'business',20,2398.00),(233,'first',10,3597.00),(234,'economy',150,1199.00),(234,'business',20,2398.00),(234,'first',10,3597.00),(235,'economy',150,1199.00),(235,'business',20,2398.00),(235,'first',10,3597.00),(236,'economy',150,1199.00),(236,'business',20,2398.00),(236,'first',10,3597.00),(237,'economy',150,1199.00),(237,'business',20,2398.00),(237,'first',10,3597.00),(238,'economy',150,1199.00),(238,'business',20,2398.00),(238,'first',10,3597.00),(239,'economy',150,1199.00),(239,'business',20,2398.00),(239,'first',10,3597.00),(240,'economy',150,1199.00),(240,'business',20,2398.00),(240,'first',10,3597.00),(241,'economy',150,200.00),(241,'business',20,400.00),(241,'first',10,600.00),(242,'economy',150,200.00),(242,'business',20,400.00),(242,'first',10,600.00),(243,'economy',150,200.00),(243,'business',20,400.00),(243,'first',10,600.00),(244,'economy',150,200.00),(244,'business',20,400.00),(244,'first',10,600.00),(245,'economy',150,200.00),(245,'business',20,400.00),(245,'first',10,600.00),(246,'economy',150,200.00),(246,'business',20,400.00),(246,'first',10,600.00),(247,'economy',150,200.00),(247,'business',20,400.00),(247,'first',10,600.00),(248,'economy',150,200.00),(248,'business',20,400.00),(248,'first',10,600.00),(249,'economy',150,200.00),(249,'business',20,400.00),(249,'first',10,600.00),(250,'economy',150,200.00),(250,'business',20,400.00),(250,'first',10,600.00),(251,'economy',150,200.00),(251,'business',20,400.00),(251,'first',10,600.00),(252,'economy',150,200.00),(252,'business',20,400.00),(252,'first',10,600.00),(253,'economy',150,200.00),(253,'business',20,400.00),(253,'first',10,600.00),(254,'economy',150,200.00),(254,'business',20,400.00),(254,'first',10,600.00),(255,'economy',150,200.00),(255,'business',20,400.00),(255,'first',10,600.00),(256,'economy',150,200.00),(256,'business',20,400.00),(256,'first',10,600.00),(257,'economy',150,200.00),(257,'business',20,400.00),(257,'first',10,600.00),(258,'economy',150,200.00),(258,'business',20,400.00),(258,'first',10,600.00),(259,'economy',150,200.00),(259,'business',20,400.00),(259,'first',10,600.00),(260,'economy',150,200.00),(260,'business',20,400.00),(260,'first',10,600.00),(261,'economy',150,200.00),(261,'business',20,400.00),(261,'first',10,600.00),(262,'economy',150,200.00),(262,'business',20,400.00),(262,'first',10,600.00),(263,'economy',150,200.00),(263,'business',20,400.00),(263,'first',10,600.00),(264,'economy',150,200.00),(264,'business',20,400.00),(264,'first',10,600.00),(265,'economy',150,1299.00),(265,'business',20,2598.00),(265,'first',10,3897.00),(266,'economy',150,1299.00),(266,'business',20,2598.00),(266,'first',10,3897.00),(267,'economy',150,1299.00),(267,'business',20,2598.00),(267,'first',10,3897.00),(268,'economy',150,1299.00),(268,'business',20,2598.00),(268,'first',10,3897.00),(269,'economy',150,1299.00),(269,'business',20,2598.00),(269,'first',10,3897.00),(270,'economy',150,1299.00),(270,'business',20,2598.00),(270,'first',10,3897.00),(271,'economy',150,1299.00),(271,'business',20,2598.00),(271,'first',10,3897.00),(272,'economy',150,1299.00),(272,'business',20,2598.00),(272,'first',10,3897.00),(273,'economy',150,1299.00),(273,'business',20,2598.00),(273,'first',10,3897.00),(274,'economy',150,1299.00),(274,'business',20,2598.00),(274,'first',10,3897.00),(275,'economy',150,1299.00),(275,'business',20,2598.00),(275,'first',10,3897.00),(276,'economy',150,1299.00),(276,'business',20,2598.00),(276,'first',10,3897.00),(277,'economy',150,1299.00),(277,'business',20,2598.00),(277,'first',10,3897.00),(278,'economy',150,1299.00),(278,'business',20,2598.00),(278,'first',10,3897.00),(279,'economy',150,1299.00),(279,'business',20,2598.00),(279,'first',10,3897.00),(280,'economy',150,1299.00),(280,'business',20,2598.00),(280,'first',10,3897.00),(281,'economy',150,1299.00),(281,'business',20,2598.00),(281,'first',10,3897.00),(282,'economy',150,1299.00),(282,'business',20,2598.00),(282,'first',10,3897.00),(283,'economy',150,1299.00),(283,'business',20,2598.00),(283,'first',10,3897.00),(284,'economy',150,1299.00),(284,'business',20,2598.00),(284,'first',10,3897.00),(285,'economy',150,1299.00),(285,'business',20,2598.00),(285,'first',10,3897.00),(286,'economy',150,1299.00),(286,'business',20,2598.00),(286,'first',10,3897.00),(287,'economy',150,1299.00),(287,'business',20,2598.00),(287,'first',10,3897.00),(288,'economy',150,1299.00),(288,'business',20,2598.00),(288,'first',10,3897.00),(289,'economy',150,150.00),(289,'business',20,300.00),(289,'first',10,450.00),(290,'economy',150,150.00),(290,'business',20,300.00),(290,'first',10,450.00),(291,'economy',150,150.00),(291,'business',20,300.00),(291,'first',10,450.00),(292,'economy',150,150.00),(292,'business',20,300.00),(292,'first',10,450.00),(293,'economy',150,150.00),(293,'business',20,300.00),(293,'first',10,450.00),(294,'economy',150,150.00),(294,'business',20,300.00),(294,'first',10,450.00),(295,'economy',150,150.00),(295,'business',20,300.00),(295,'first',10,450.00),(296,'economy',150,150.00),(296,'business',20,300.00),(296,'first',10,450.00),(297,'economy',150,150.00),(297,'business',20,300.00),(297,'first',10,450.00),(298,'economy',150,150.00),(298,'business',20,300.00),(298,'first',10,450.00),(299,'economy',150,150.00),(299,'business',20,300.00),(299,'first',10,450.00),(300,'economy',150,150.00),(300,'business',20,300.00),(300,'first',10,450.00),(301,'economy',150,150.00),(301,'business',20,300.00),(301,'first',10,450.00),(302,'economy',150,150.00),(302,'business',20,300.00),(302,'first',10,450.00),(303,'economy',150,150.00),(303,'business',20,300.00),(303,'first',10,450.00),(304,'economy',150,150.00),(304,'business',20,300.00),(304,'first',10,450.00),(305,'economy',150,150.00),(305,'business',20,300.00),(305,'first',10,450.00),(306,'economy',150,150.00),(306,'business',20,300.00),(306,'first',10,450.00),(307,'economy',150,150.00),(307,'business',20,300.00),(307,'first',10,450.00),(308,'economy',150,150.00),(308,'business',20,300.00),(308,'first',10,450.00),(309,'economy',150,150.00),(309,'business',20,300.00),(309,'first',10,450.00),(310,'economy',150,150.00),(310,'business',20,300.00),(310,'first',10,450.00),(311,'economy',150,150.00),(311,'business',20,300.00),(311,'first',10,450.00),(312,'economy',150,150.00),(312,'business',20,300.00),(312,'first',10,450.00),(313,'economy',150,150.00),(313,'business',20,300.00),(313,'first',10,450.00),(314,'economy',150,150.00),(314,'business',20,300.00),(314,'first',10,450.00),(315,'economy',150,150.00),(315,'business',20,300.00),(315,'first',10,450.00),(316,'economy',150,150.00),(316,'business',20,300.00),(316,'first',10,450.00),(317,'economy',150,150.00),(317,'business',20,300.00),(317,'first',10,450.00),(318,'economy',150,150.00),(318,'business',20,300.00),(318,'first',10,450.00),(319,'economy',150,150.00),(319,'business',20,300.00),(319,'first',10,450.00),(320,'economy',150,150.00),(320,'business',20,300.00),(320,'first',10,450.00),(321,'economy',150,150.00),(321,'business',20,300.00),(321,'first',10,450.00),(322,'economy',150,150.00),(322,'business',20,300.00),(322,'first',10,450.00),(323,'economy',150,150.00),(323,'business',20,300.00),(323,'first',10,450.00),(324,'economy',150,150.00),(324,'business',20,300.00),(324,'first',10,450.00),(325,'economy',150,150.00),(325,'business',20,300.00),(325,'first',10,450.00),(326,'economy',150,150.00),(326,'business',20,300.00),(326,'first',10,450.00),(327,'economy',150,150.00),(327,'business',20,300.00),(327,'first',10,450.00),(328,'economy',150,150.00),(328,'business',20,300.00),(328,'first',10,450.00),(329,'economy',150,150.00),(329,'business',20,300.00),(329,'first',10,450.00),(330,'economy',150,150.00),(330,'business',20,300.00),(330,'first',10,450.00),(331,'economy',150,150.00),(331,'business',20,300.00),(331,'first',10,450.00),(332,'economy',150,150.00),(332,'business',20,300.00),(332,'first',10,450.00),(333,'economy',150,150.00),(333,'business',20,300.00),(333,'first',10,450.00),(334,'economy',150,150.00),(334,'business',20,300.00),(334,'first',10,450.00),(335,'economy',150,150.00),(335,'business',20,300.00),(335,'first',10,450.00),(336,'economy',150,150.00),(336,'business',20,300.00),(336,'first',10,450.00),(337,'economy',150,1450.00),(337,'business',20,2900.00),(337,'first',10,4350.00),(338,'economy',150,1450.00),(338,'business',20,2900.00),(338,'first',10,4350.00),(339,'economy',150,1450.00),(339,'business',20,2900.00),(339,'first',10,4350.00),(340,'economy',150,1450.00),(340,'business',20,2900.00),(340,'first',10,4350.00),(341,'economy',150,1450.00),(341,'business',20,2900.00),(341,'first',10,4350.00),(342,'economy',150,1450.00),(342,'business',20,2900.00),(342,'first',10,4350.00),(343,'economy',150,1450.00),(343,'business',20,2900.00),(343,'first',10,4350.00),(344,'economy',150,1450.00),(344,'business',20,2900.00),(344,'first',10,4350.00),(345,'economy',150,1450.00),(345,'business',20,2900.00),(345,'first',10,4350.00),(346,'economy',150,1450.00),(346,'business',20,2900.00),(346,'first',10,4350.00),(347,'economy',150,1450.00),(347,'business',20,2900.00),(347,'first',10,4350.00),(348,'economy',150,1450.00),(348,'business',20,2900.00),(348,'first',10,4350.00),(349,'economy',150,1450.00),(349,'business',20,2900.00),(349,'first',10,4350.00),(350,'economy',150,1450.00),(350,'business',20,2900.00),(350,'first',10,4350.00),(351,'economy',150,1450.00),(351,'business',20,2900.00),(351,'first',10,4350.00),(352,'economy',150,1450.00),(352,'business',20,2900.00),(352,'first',10,4350.00),(353,'economy',150,1450.00),(353,'business',20,2900.00),(353,'first',10,4350.00),(354,'economy',150,1450.00),(354,'business',20,2900.00),(354,'first',10,4350.00),(355,'economy',150,1450.00),(355,'business',20,2900.00),(355,'first',10,4350.00),(356,'economy',150,1450.00),(356,'business',20,2900.00),(356,'first',10,4350.00),(357,'economy',150,1450.00),(357,'business',20,2900.00),(357,'first',10,4350.00),(358,'economy',150,1450.00),(358,'business',20,2900.00),(358,'first',10,4350.00),(359,'economy',150,1450.00),(359,'business',20,2900.00),(359,'first',10,4350.00),(360,'economy',150,1450.00),(360,'business',20,2900.00),(360,'first',10,4350.00),(361,'economy',150,1000.00),(361,'business',20,2000.00),(361,'first',10,3000.00),(362,'economy',150,1000.00),(362,'business',20,2000.00),(362,'first',10,3000.00),(363,'economy',150,1000.00),(363,'business',20,2000.00),(363,'first',10,3000.00),(364,'economy',150,1000.00),(364,'business',20,2000.00),(364,'first',10,3000.00),(365,'economy',150,1000.00),(365,'business',20,2000.00),(365,'first',10,3000.00),(366,'economy',150,1000.00),(366,'business',20,2000.00),(366,'first',10,3000.00),(367,'economy',150,1000.00),(367,'business',20,2000.00),(367,'first',10,3000.00),(368,'economy',150,1000.00),(368,'business',20,2000.00),(368,'first',10,3000.00),(369,'economy',150,1000.00),(369,'business',20,2000.00),(369,'first',10,3000.00),(370,'economy',150,1000.00),(370,'business',20,2000.00),(370,'first',10,3000.00),(371,'economy',150,1000.00),(371,'business',20,2000.00),(371,'first',10,3000.00),(372,'economy',150,1000.00),(372,'business',20,2000.00),(372,'first',10,3000.00),(373,'economy',150,1000.00),(373,'business',20,2000.00),(373,'first',10,3000.00),(374,'economy',150,1000.00),(374,'business',20,2000.00),(374,'first',10,3000.00),(375,'economy',150,1000.00),(375,'business',20,2000.00),(375,'first',10,3000.00),(376,'economy',150,1000.00),(376,'business',20,2000.00),(376,'first',10,3000.00),(377,'economy',150,1000.00),(377,'business',20,2000.00),(377,'first',10,3000.00),(378,'economy',150,1000.00),(378,'business',20,2000.00),(378,'first',10,3000.00),(379,'economy',150,1000.00),(379,'business',20,2000.00),(379,'first',10,3000.00),(380,'economy',150,1000.00),(380,'business',20,2000.00),(380,'first',10,3000.00),(381,'economy',150,1000.00),(381,'business',20,2000.00),(381,'first',10,3000.00),(382,'economy',150,1000.00),(382,'business',20,2000.00),(382,'first',10,3000.00),(383,'economy',150,1000.00),(383,'business',20,2000.00),(383,'first',10,3000.00),(384,'economy',150,1000.00),(384,'business',20,2000.00),(384,'first',10,3000.00),(385,'economy',150,1000.00),(385,'business',20,2000.00),(385,'first',10,3000.00),(386,'economy',150,1000.00),(386,'business',20,2000.00),(386,'first',10,3000.00),(387,'economy',150,1000.00),(387,'business',20,2000.00),(387,'first',10,3000.00),(388,'economy',150,1000.00),(388,'business',20,2000.00),(388,'first',10,3000.00),(389,'economy',150,1000.00),(389,'business',20,2000.00),(389,'first',10,3000.00),(390,'economy',150,1000.00),(390,'business',20,2000.00),(390,'first',10,3000.00),(391,'economy',150,1000.00),(391,'business',20,2000.00),(391,'first',10,3000.00),(392,'economy',150,1000.00),(392,'business',20,2000.00),(392,'first',10,3000.00),(393,'economy',150,1000.00),(393,'business',20,2000.00),(393,'first',10,3000.00),(394,'economy',150,1000.00),(394,'business',20,2000.00),(394,'first',10,3000.00),(395,'economy',150,1000.00),(395,'business',20,2000.00),(395,'first',10,3000.00),(396,'economy',150,1000.00),(396,'business',20,2000.00),(396,'first',10,3000.00),(397,'economy',150,1000.00),(397,'business',20,2000.00),(397,'first',10,3000.00),(398,'economy',150,1000.00),(398,'business',20,2000.00),(398,'first',10,3000.00),(399,'economy',150,1000.00),(399,'business',20,2000.00),(399,'first',10,3000.00),(400,'economy',150,1000.00),(400,'business',20,2000.00),(400,'first',10,3000.00),(401,'economy',150,1000.00),(401,'business',20,2000.00),(401,'first',10,3000.00),(402,'economy',150,1000.00),(402,'business',20,2000.00),(402,'first',10,3000.00),(403,'economy',150,1000.00),(403,'business',20,2000.00),(403,'first',10,3000.00),(404,'economy',150,1000.00),(404,'business',20,2000.00),(404,'first',10,3000.00),(405,'economy',150,1000.00),(405,'business',20,2000.00),(405,'first',10,3000.00),(406,'economy',150,1000.00),(406,'business',20,2000.00),(406,'first',10,3000.00),(407,'economy',150,1000.00),(407,'business',20,2000.00),(407,'first',10,3000.00),(408,'economy',150,1000.00),(408,'business',20,2000.00),(408,'first',10,3000.00),(409,'economy',150,399.00),(409,'business',20,798.00),(409,'first',10,1197.00),(410,'economy',150,399.00),(410,'business',20,798.00),(410,'first',10,1197.00),(411,'economy',150,399.00),(411,'business',20,798.00),(411,'first',10,1197.00),(412,'economy',150,399.00),(412,'business',20,798.00),(412,'first',10,1197.00),(413,'economy',150,399.00),(413,'business',20,798.00),(413,'first',10,1197.00),(414,'economy',150,399.00),(414,'business',20,798.00),(414,'first',10,1197.00),(415,'economy',150,399.00),(415,'business',20,798.00),(415,'first',10,1197.00),(416,'economy',150,399.00),(416,'business',20,798.00),(416,'first',10,1197.00),(417,'economy',150,399.00),(417,'business',20,798.00),(417,'first',10,1197.00),(418,'economy',150,399.00),(418,'business',20,798.00),(418,'first',10,1197.00),(419,'economy',150,399.00),(419,'business',20,798.00),(419,'first',10,1197.00),(420,'economy',150,399.00),(420,'business',20,798.00),(420,'first',10,1197.00),(421,'economy',150,399.00),(421,'business',20,798.00),(421,'first',10,1197.00),(422,'economy',150,399.00),(422,'business',20,798.00),(422,'first',10,1197.00),(423,'economy',150,399.00),(423,'business',20,798.00),(423,'first',10,1197.00),(424,'economy',150,399.00),(424,'business',20,798.00),(424,'first',10,1197.00),(425,'economy',150,399.00),(425,'business',20,798.00),(425,'first',10,1197.00),(426,'economy',150,399.00),(426,'business',20,798.00),(426,'first',10,1197.00),(427,'economy',150,399.00),(427,'business',20,798.00),(427,'first',10,1197.00),(428,'economy',150,399.00),(428,'business',20,798.00),(428,'first',10,1197.00),(429,'economy',150,399.00),(429,'business',20,798.00),(429,'first',10,1197.00),(430,'economy',150,399.00),(430,'business',20,798.00),(430,'first',10,1197.00),(431,'economy',150,399.00),(431,'business',20,798.00),(431,'first',10,1197.00),(432,'economy',150,399.00),(432,'business',20,798.00),(432,'first',10,1197.00),(433,'economy',150,150.00),(433,'business',20,300.00),(433,'first',10,450.00),(434,'economy',150,150.00),(434,'business',20,300.00),(434,'first',10,450.00),(435,'economy',150,150.00),(435,'business',20,300.00),(435,'first',10,450.00),(436,'economy',150,150.00),(436,'business',20,300.00),(436,'first',10,450.00),(437,'economy',150,150.00),(437,'business',20,300.00),(437,'first',10,450.00),(438,'economy',150,150.00),(438,'business',20,300.00),(438,'first',10,450.00),(439,'economy',150,150.00),(439,'business',20,300.00),(439,'first',10,450.00),(440,'economy',150,150.00),(440,'business',20,300.00),(440,'first',10,450.00),(441,'economy',150,150.00),(441,'business',20,300.00),(441,'first',10,450.00),(442,'economy',150,150.00),(442,'business',20,300.00),(442,'first',10,450.00),(443,'economy',150,150.00),(443,'business',20,300.00),(443,'first',10,450.00),(444,'economy',150,150.00),(444,'business',20,300.00),(444,'first',10,450.00),(445,'economy',150,150.00),(445,'business',20,300.00),(445,'first',10,450.00),(446,'economy',150,150.00),(446,'business',20,300.00),(446,'first',10,450.00),(447,'economy',150,150.00),(447,'business',20,300.00),(447,'first',10,450.00),(448,'economy',150,150.00),(448,'business',20,300.00),(448,'first',10,450.00),(449,'economy',150,150.00),(449,'business',20,300.00),(449,'first',10,450.00),(450,'economy',150,150.00),(450,'business',20,300.00),(450,'first',10,450.00),(451,'economy',150,150.00),(451,'business',20,300.00),(451,'first',10,450.00),(452,'economy',150,150.00),(452,'business',20,300.00),(452,'first',10,450.00),(453,'economy',150,150.00),(453,'business',20,300.00),(453,'first',10,450.00),(454,'economy',150,150.00),(454,'business',20,300.00),(454,'first',10,450.00),(455,'economy',150,150.00),(455,'business',20,300.00),(455,'first',10,450.00),(456,'economy',150,150.00),(456,'business',20,300.00),(456,'first',10,450.00),(457,'economy',150,200.00),(457,'business',20,400.00),(457,'first',10,600.00),(458,'economy',150,200.00),(458,'business',20,400.00),(458,'first',10,600.00),(459,'economy',150,200.00),(459,'business',20,400.00),(459,'first',10,600.00),(460,'economy',150,200.00),(460,'business',20,400.00),(460,'first',10,600.00),(461,'economy',150,200.00),(461,'business',20,400.00),(461,'first',10,600.00),(462,'economy',150,200.00),(462,'business',20,400.00),(462,'first',10,600.00),(463,'economy',150,200.00),(463,'business',20,400.00),(463,'first',10,600.00),(464,'economy',150,200.00),(464,'business',20,400.00),(464,'first',10,600.00),(465,'economy',150,200.00),(465,'business',20,400.00),(465,'first',10,600.00),(466,'economy',150,200.00),(466,'business',20,400.00),(466,'first',10,600.00),(467,'economy',150,200.00),(467,'business',20,400.00),(467,'first',10,600.00),(468,'economy',150,200.00),(468,'business',20,400.00),(468,'first',10,600.00),(469,'economy',150,200.00),(469,'business',20,400.00),(469,'first',10,600.00),(470,'economy',150,200.00),(470,'business',20,400.00),(470,'first',10,600.00),(471,'economy',150,200.00),(471,'business',20,400.00),(471,'first',10,600.00),(472,'economy',150,200.00),(472,'business',20,400.00),(472,'first',10,600.00),(473,'economy',150,200.00),(473,'business',20,400.00),(473,'first',10,600.00),(474,'economy',150,200.00),(474,'business',20,400.00),(474,'first',10,600.00),(475,'economy',150,200.00),(475,'business',20,400.00),(475,'first',10,600.00),(476,'economy',150,200.00),(476,'business',20,400.00),(476,'first',10,600.00),(477,'economy',150,200.00),(477,'business',20,400.00),(477,'first',10,600.00),(478,'economy',150,200.00),(478,'business',20,400.00),(478,'first',10,600.00),(479,'economy',150,200.00),(479,'business',20,400.00),(479,'first',10,600.00),(480,'economy',150,200.00),(480,'business',20,400.00),(480,'first',10,600.00),(481,'economy',150,150.00),(481,'business',20,300.00),(481,'first',10,450.00),(482,'economy',150,150.00),(482,'business',20,300.00),(482,'first',10,450.00),(483,'economy',150,150.00),(483,'business',20,300.00),(483,'first',10,450.00),(484,'economy',150,150.00),(484,'business',20,300.00),(484,'first',10,450.00),(485,'economy',150,150.00),(485,'business',20,300.00),(485,'first',10,450.00),(486,'economy',150,150.00),(486,'business',20,300.00),(486,'first',10,450.00),(487,'economy',150,150.00),(487,'business',20,300.00),(487,'first',10,450.00),(488,'economy',150,150.00),(488,'business',20,300.00),(488,'first',10,450.00),(489,'economy',150,150.00),(489,'business',20,300.00),(489,'first',10,450.00),(490,'economy',150,150.00),(490,'business',20,300.00),(490,'first',10,450.00),(491,'economy',150,150.00),(491,'business',20,300.00),(491,'first',10,450.00),(492,'economy',150,150.00),(492,'business',20,300.00),(492,'first',10,450.00),(493,'economy',150,150.00),(493,'business',20,300.00),(493,'first',10,450.00),(494,'economy',150,150.00),(494,'business',20,300.00),(494,'first',10,450.00),(495,'economy',150,150.00),(495,'business',20,300.00),(495,'first',10,450.00),(496,'economy',150,150.00),(496,'business',20,300.00),(496,'first',10,450.00),(497,'economy',150,150.00),(497,'business',20,300.00),(497,'first',10,450.00),(498,'economy',150,150.00),(498,'business',20,300.00),(498,'first',10,450.00),(499,'economy',150,150.00),(499,'business',20,300.00),(499,'first',10,450.00),(500,'economy',150,150.00),(500,'business',20,300.00),(500,'first',10,450.00),(501,'economy',150,150.00),(501,'business',20,300.00),(501,'first',10,450.00),(502,'economy',150,150.00),(502,'business',20,300.00),(502,'first',10,450.00),(503,'economy',150,150.00),(503,'business',20,300.00),(503,'first',10,450.00),(504,'economy',150,150.00),(504,'business',20,300.00),(504,'first',10,450.00),(505,'economy',150,850.00),(505,'business',20,1700.00),(505,'first',10,2550.00),(506,'economy',150,850.00),(506,'business',20,1700.00),(506,'first',10,2550.00),(507,'economy',150,850.00),(507,'business',20,1700.00),(507,'first',10,2550.00),(508,'economy',150,850.00),(508,'business',20,1700.00),(508,'first',10,2550.00),(509,'economy',150,850.00),(509,'business',20,1700.00),(509,'first',10,2550.00),(510,'economy',150,850.00),(510,'business',20,1700.00),(510,'first',10,2550.00),(511,'economy',150,850.00),(511,'business',20,1700.00),(511,'first',10,2550.00),(512,'economy',150,850.00),(512,'business',20,1700.00),(512,'first',10,2550.00),(513,'economy',150,850.00),(513,'business',20,1700.00),(513,'first',10,2550.00),(514,'economy',150,850.00),(514,'business',20,1700.00),(514,'first',10,2550.00),(515,'economy',150,850.00),(515,'business',20,1700.00),(515,'first',10,2550.00),(516,'economy',150,850.00),(516,'business',20,1700.00),(516,'first',10,2550.00),(517,'economy',150,850.00),(517,'business',20,1700.00),(517,'first',10,2550.00),(518,'economy',150,850.00),(518,'business',20,1700.00),(518,'first',10,2550.00),(519,'economy',150,850.00),(519,'business',20,1700.00),(519,'first',10,2550.00),(520,'economy',150,850.00),(520,'business',20,1700.00),(520,'first',10,2550.00),(521,'economy',150,850.00),(521,'business',20,1700.00),(521,'first',10,2550.00),(522,'economy',150,850.00),(522,'business',20,1700.00),(522,'first',10,2550.00),(523,'economy',150,850.00),(523,'business',20,1700.00),(523,'first',10,2550.00),(524,'economy',150,850.00),(524,'business',20,1700.00),(524,'first',10,2550.00),(525,'economy',150,850.00),(525,'business',20,1700.00),(525,'first',10,2550.00),(526,'economy',150,850.00),(526,'business',20,1700.00),(526,'first',10,2550.00),(527,'economy',150,850.00),(527,'business',20,1700.00),(527,'first',10,2550.00),(528,'economy',150,850.00),(528,'business',20,1700.00),(528,'first',10,2550.00),(529,'economy',150,850.00),(529,'business',20,1700.00),(529,'first',10,2550.00),(530,'economy',150,850.00),(530,'business',20,1700.00),(530,'first',10,2550.00),(531,'economy',150,850.00),(531,'business',20,1700.00),(531,'first',10,2550.00),(532,'economy',150,850.00),(532,'business',20,1700.00),(532,'first',10,2550.00),(533,'economy',150,850.00),(533,'business',20,1700.00),(533,'first',10,2550.00),(534,'economy',150,850.00),(534,'business',20,1700.00),(534,'first',10,2550.00),(535,'economy',150,850.00),(535,'business',20,1700.00),(535,'first',10,2550.00),(536,'economy',150,850.00),(536,'business',20,1700.00),(536,'first',10,2550.00),(537,'economy',150,850.00),(537,'business',20,1700.00),(537,'first',10,2550.00),(538,'economy',150,850.00),(538,'business',20,1700.00),(538,'first',10,2550.00),(539,'economy',150,850.00),(539,'business',20,1700.00),(539,'first',10,2550.00),(540,'economy',150,850.00),(540,'business',20,1700.00),(540,'first',10,2550.00),(541,'economy',150,850.00),(541,'business',20,1700.00),(541,'first',10,2550.00),(542,'economy',150,850.00),(542,'business',20,1700.00),(542,'first',10,2550.00),(543,'economy',150,850.00),(543,'business',20,1700.00),(543,'first',10,2550.00),(544,'economy',150,850.00),(544,'business',20,1700.00),(544,'first',10,2550.00),(545,'economy',150,850.00),(545,'business',20,1700.00),(545,'first',10,2550.00),(546,'economy',150,850.00),(546,'business',20,1700.00),(546,'first',10,2550.00),(547,'economy',150,850.00),(547,'business',20,1700.00),(547,'first',10,2550.00),(548,'economy',150,850.00),(548,'business',20,1700.00),(548,'first',10,2550.00),(549,'economy',150,850.00),(549,'business',20,1700.00),(549,'first',10,2550.00),(550,'economy',150,850.00),(550,'business',20,1700.00),(550,'first',10,2550.00),(551,'economy',150,850.00),(551,'business',20,1700.00),(551,'first',10,2550.00),(552,'economy',150,850.00),(552,'business',20,1700.00),(552,'first',10,2550.00),(553,'economy',150,1050.00),(553,'business',20,2100.00),(553,'first',10,3150.00),(554,'economy',150,1050.00),(554,'business',20,2100.00),(554,'first',10,3150.00),(555,'economy',150,1050.00),(555,'business',20,2100.00),(555,'first',10,3150.00),(556,'economy',150,1050.00),(556,'business',20,2100.00),(556,'first',10,3150.00),(557,'economy',150,1050.00),(557,'business',20,2100.00),(557,'first',10,3150.00),(558,'economy',150,1050.00),(558,'business',20,2100.00),(558,'first',10,3150.00),(559,'economy',150,1050.00),(559,'business',20,2100.00),(559,'first',10,3150.00),(560,'economy',150,1050.00),(560,'business',20,2100.00),(560,'first',10,3150.00),(561,'economy',150,1050.00),(561,'business',20,2100.00),(561,'first',10,3150.00),(562,'economy',150,1050.00),(562,'business',20,2100.00),(562,'first',10,3150.00),(563,'economy',150,1050.00),(563,'business',20,2100.00),(563,'first',10,3150.00),(564,'economy',150,1050.00),(564,'business',20,2100.00),(564,'first',10,3150.00),(565,'economy',150,1050.00),(565,'business',20,2100.00),(565,'first',10,3150.00),(566,'economy',150,1050.00),(566,'business',20,2100.00),(566,'first',10,3150.00),(567,'economy',150,1050.00),(567,'business',20,2100.00),(567,'first',10,3150.00),(568,'economy',150,1050.00),(568,'business',20,2100.00),(568,'first',10,3150.00),(569,'economy',150,1050.00),(569,'business',20,2100.00),(569,'first',10,3150.00),(570,'economy',150,1050.00),(570,'business',20,2100.00),(570,'first',10,3150.00),(571,'economy',150,1050.00),(571,'business',20,2100.00),(571,'first',10,3150.00),(572,'economy',150,1050.00),(572,'business',20,2100.00),(572,'first',10,3150.00),(573,'economy',150,1050.00),(573,'business',20,2100.00),(573,'first',10,3150.00),(574,'economy',150,1050.00),(574,'business',20,2100.00),(574,'first',10,3150.00),(575,'economy',150,1050.00),(575,'business',20,2100.00),(575,'first',10,3150.00),(576,'economy',150,1050.00),(576,'business',20,2100.00),(576,'first',10,3150.00),(577,'economy',150,1050.00),(577,'business',20,2100.00),(577,'first',10,3150.00),(578,'economy',150,1050.00),(578,'business',20,2100.00),(578,'first',10,3150.00),(579,'economy',150,1050.00),(579,'business',20,2100.00),(579,'first',10,3150.00),(580,'economy',150,1050.00),(580,'business',20,2100.00),(580,'first',10,3150.00),(581,'economy',150,1050.00),(581,'business',20,2100.00),(581,'first',10,3150.00),(582,'economy',150,1050.00),(582,'business',20,2100.00),(582,'first',10,3150.00),(583,'economy',150,1050.00),(583,'business',20,2100.00),(583,'first',10,3150.00),(584,'economy',150,1050.00),(584,'business',20,2100.00),(584,'first',10,3150.00),(585,'economy',150,1050.00),(585,'business',20,2100.00),(585,'first',10,3150.00),(586,'economy',150,1050.00),(586,'business',20,2100.00),(586,'first',10,3150.00),(587,'economy',150,1050.00),(587,'business',20,2100.00),(587,'first',10,3150.00),(588,'economy',150,1050.00),(588,'business',20,2100.00),(588,'first',10,3150.00),(589,'economy',150,1050.00),(589,'business',20,2100.00),(589,'first',10,3150.00),(590,'economy',150,1050.00),(590,'business',20,2100.00),(590,'first',10,3150.00),(591,'economy',150,1050.00),(591,'business',20,2100.00),(591,'first',10,3150.00),(592,'economy',150,1050.00),(592,'business',20,2100.00),(592,'first',10,3150.00),(593,'economy',150,1050.00),(593,'business',20,2100.00),(593,'first',10,3150.00),(594,'economy',150,1050.00),(594,'business',20,2100.00),(594,'first',10,3150.00),(595,'economy',150,1050.00),(595,'business',20,2100.00),(595,'first',10,3150.00),(596,'economy',150,1050.00),(596,'business',20,2100.00),(596,'first',10,3150.00),(597,'economy',150,1050.00),(597,'business',20,2100.00),(597,'first',10,3150.00),(598,'economy',150,1050.00),(598,'business',20,2100.00),(598,'first',10,3150.00),(599,'economy',150,1050.00),(599,'business',20,2100.00),(599,'first',10,3150.00),(600,'economy',150,1050.00),(600,'business',20,2100.00),(600,'first',10,3150.00),(601,'economy',150,150.00),(601,'business',20,300.00),(601,'first',10,450.00),(602,'economy',150,150.00),(602,'business',20,300.00),(602,'first',10,450.00),(603,'economy',150,150.00),(603,'business',20,300.00),(603,'first',10,450.00),(604,'economy',150,150.00),(604,'business',20,300.00),(604,'first',10,450.00),(605,'economy',150,150.00),(605,'business',20,300.00),(605,'first',10,450.00),(606,'economy',150,150.00),(606,'business',20,300.00),(606,'first',10,450.00),(607,'economy',150,150.00),(607,'business',20,300.00),(607,'first',10,450.00),(608,'economy',150,150.00),(608,'business',20,300.00),(608,'first',10,450.00),(609,'economy',150,150.00),(609,'business',20,300.00),(609,'first',10,450.00),(610,'economy',150,150.00),(610,'business',20,300.00),(610,'first',10,450.00),(611,'economy',150,150.00),(611,'business',20,300.00),(611,'first',10,450.00),(612,'economy',150,150.00),(612,'business',20,300.00),(612,'first',10,450.00),(613,'economy',150,150.00),(613,'business',20,300.00),(613,'first',10,450.00),(614,'economy',150,150.00),(614,'business',20,300.00),(614,'first',10,450.00),(615,'economy',150,150.00),(615,'business',20,300.00),(615,'first',10,450.00),(616,'economy',150,150.00),(616,'business',20,300.00),(616,'first',10,450.00),(617,'economy',150,150.00),(617,'business',20,300.00),(617,'first',10,450.00),(618,'economy',150,150.00),(618,'business',20,300.00),(618,'first',10,450.00),(619,'economy',150,150.00),(619,'business',20,300.00),(619,'first',10,450.00),(620,'economy',150,150.00),(620,'business',20,300.00),(620,'first',10,450.00),(621,'economy',150,150.00),(621,'business',20,300.00),(621,'first',10,450.00),(622,'economy',150,150.00),(622,'business',20,300.00),(622,'first',10,450.00),(623,'economy',150,150.00),(623,'business',20,300.00),(623,'first',10,450.00),(624,'economy',150,150.00),(624,'business',20,300.00),(624,'first',10,450.00),(625,'economy',150,150.00),(625,'business',20,300.00),(625,'first',10,450.00),(626,'economy',150,150.00),(626,'business',20,300.00),(626,'first',10,450.00),(627,'economy',150,150.00),(627,'business',20,300.00),(627,'first',10,450.00),(628,'economy',150,150.00),(628,'business',20,300.00),(628,'first',10,450.00),(629,'economy',150,150.00),(629,'business',20,300.00),(629,'first',10,450.00),(630,'economy',150,150.00),(630,'business',20,300.00),(630,'first',10,450.00),(631,'economy',150,150.00),(631,'business',20,300.00),(631,'first',10,450.00),(632,'economy',150,150.00),(632,'business',20,300.00),(632,'first',10,450.00),(633,'economy',150,150.00),(633,'business',20,300.00),(633,'first',10,450.00),(634,'economy',150,150.00),(634,'business',20,300.00),(634,'first',10,450.00),(635,'economy',150,150.00),(635,'business',20,300.00),(635,'first',10,450.00),(636,'economy',150,150.00),(636,'business',20,300.00),(636,'first',10,450.00),(637,'economy',150,150.00),(637,'business',20,300.00),(637,'first',10,450.00),(638,'economy',150,150.00),(638,'business',20,300.00),(638,'first',10,450.00),(639,'economy',150,150.00),(639,'business',20,300.00),(639,'first',10,450.00),(640,'economy',150,150.00),(640,'business',20,300.00),(640,'first',10,450.00),(641,'economy',150,150.00),(641,'business',20,300.00),(641,'first',10,450.00),(642,'economy',150,150.00),(642,'business',20,300.00),(642,'first',10,450.00),(643,'economy',150,150.00),(643,'business',20,300.00),(643,'first',10,450.00),(644,'economy',150,150.00),(644,'business',20,300.00),(644,'first',10,450.00),(645,'economy',150,150.00),(645,'business',20,300.00),(645,'first',10,450.00),(646,'economy',150,150.00),(646,'business',20,300.00),(646,'first',10,450.00),(647,'economy',150,150.00),(647,'business',20,300.00),(647,'first',10,450.00),(648,'economy',150,150.00),(648,'business',20,300.00),(648,'first',10,450.00),(649,'economy',150,120.00),(649,'business',20,240.00),(649,'first',10,360.00),(650,'economy',150,120.00),(650,'business',20,240.00),(650,'first',10,360.00),(651,'economy',150,120.00),(651,'business',20,240.00),(651,'first',10,360.00),(652,'economy',150,120.00),(652,'business',20,240.00),(652,'first',10,360.00),(653,'economy',150,120.00),(653,'business',20,240.00),(653,'first',10,360.00),(654,'economy',150,120.00),(654,'business',20,240.00),(654,'first',10,360.00),(655,'economy',150,120.00),(655,'business',20,240.00),(655,'first',10,360.00),(656,'economy',150,120.00),(656,'business',20,240.00),(656,'first',10,360.00),(657,'economy',150,120.00),(657,'business',20,240.00),(657,'first',10,360.00),(658,'economy',150,120.00),(658,'business',20,240.00),(658,'first',10,360.00),(659,'economy',150,120.00),(659,'business',20,240.00),(659,'first',10,360.00),(660,'economy',150,120.00),(660,'business',20,240.00),(660,'first',10,360.00),(661,'economy',150,120.00),(661,'business',20,240.00),(661,'first',10,360.00),(662,'economy',150,120.00),(662,'business',20,240.00),(662,'first',10,360.00),(663,'economy',150,120.00),(663,'business',20,240.00),(663,'first',10,360.00),(664,'economy',150,120.00),(664,'business',20,240.00),(664,'first',10,360.00),(665,'economy',150,120.00),(665,'business',20,240.00),(665,'first',10,360.00),(666,'economy',150,120.00),(666,'business',20,240.00),(666,'first',10,360.00),(667,'economy',150,120.00),(667,'business',20,240.00),(667,'first',10,360.00),(668,'economy',150,120.00),(668,'business',20,240.00),(668,'first',10,360.00),(669,'economy',150,120.00),(669,'business',20,240.00),(669,'first',10,360.00),(670,'economy',150,120.00),(670,'business',20,240.00),(670,'first',10,360.00),(671,'economy',150,120.00),(671,'business',20,240.00),(671,'first',10,360.00),(672,'economy',150,120.00),(672,'business',20,240.00),(672,'first',10,360.00),(673,'economy',150,2499.00),(673,'business',20,4998.00),(673,'first',10,7497.00),(674,'economy',150,2499.00),(674,'business',20,4998.00),(674,'first',10,7497.00),(675,'economy',150,2499.00),(675,'business',20,4998.00),(675,'first',10,7497.00),(676,'economy',150,2499.00),(676,'business',20,4998.00),(676,'first',10,7497.00),(677,'economy',150,2499.00),(677,'business',20,4998.00),(677,'first',10,7497.00),(678,'economy',150,2499.00),(678,'business',20,4998.00),(678,'first',10,7497.00),(679,'economy',150,2499.00),(679,'business',20,4998.00),(679,'first',10,7497.00),(680,'economy',150,2499.00),(680,'business',20,4998.00),(680,'first',10,7497.00),(681,'economy',150,2499.00),(681,'business',20,4998.00),(681,'first',10,7497.00),(682,'economy',150,2499.00),(682,'business',20,4998.00),(682,'first',10,7497.00),(683,'economy',150,2499.00),(683,'business',20,4998.00),(683,'first',10,7497.00),(684,'economy',150,2499.00),(684,'business',20,4998.00),(684,'first',10,7497.00),(685,'economy',150,2499.00),(685,'business',20,4998.00),(685,'first',10,7497.00),(686,'economy',150,2499.00),(686,'business',20,4998.00),(686,'first',10,7497.00),(687,'economy',150,2499.00),(687,'business',20,4998.00),(687,'first',10,7497.00),(688,'economy',150,2499.00),(688,'business',20,4998.00),(688,'first',10,7497.00),(689,'economy',150,2499.00),(689,'business',20,4998.00),(689,'first',10,7497.00),(690,'economy',150,2499.00),(690,'business',20,4998.00),(690,'first',10,7497.00),(691,'economy',150,2499.00),(691,'business',20,4998.00),(691,'first',10,7497.00),(692,'economy',150,2499.00),(692,'business',20,4998.00),(692,'first',10,7497.00),(693,'economy',150,2499.00),(693,'business',20,4998.00),(693,'first',10,7497.00),(694,'economy',150,2499.00),(694,'business',20,4998.00),(694,'first',10,7497.00),(695,'economy',150,2499.00),(695,'business',20,4998.00),(695,'first',10,7497.00),(696,'economy',150,2499.00),(696,'business',20,4998.00),(696,'first',10,7497.00),(697,'economy',150,1099.00),(697,'business',20,2198.00),(697,'first',10,3297.00),(698,'economy',150,1099.00),(698,'business',20,2198.00),(698,'first',10,3297.00),(699,'economy',150,1099.00),(699,'business',20,2198.00),(699,'first',10,3297.00),(700,'economy',150,1099.00),(700,'business',20,2198.00),(700,'first',10,3297.00),(701,'economy',150,1099.00),(701,'business',20,2198.00),(701,'first',10,3297.00),(702,'economy',150,1099.00),(702,'business',20,2198.00),(702,'first',10,3297.00),(703,'economy',150,1099.00),(703,'business',20,2198.00),(703,'first',10,3297.00),(704,'economy',150,1099.00),(704,'business',20,2198.00),(704,'first',10,3297.00),(705,'economy',150,1099.00),(705,'business',20,2198.00),(705,'first',10,3297.00),(706,'economy',150,1099.00),(706,'business',20,2198.00),(706,'first',10,3297.00),(707,'economy',150,1099.00),(707,'business',20,2198.00),(707,'first',10,3297.00),(708,'economy',150,1099.00),(708,'business',20,2198.00),(708,'first',10,3297.00),(709,'economy',150,1099.00),(709,'business',20,2198.00),(709,'first',10,3297.00),(710,'economy',150,1099.00),(710,'business',20,2198.00),(710,'first',10,3297.00),(711,'economy',150,1099.00),(711,'business',20,2198.00),(711,'first',10,3297.00),(712,'economy',150,1099.00),(712,'business',20,2198.00),(712,'first',10,3297.00),(713,'economy',150,1099.00),(713,'business',20,2198.00),(713,'first',10,3297.00),(714,'economy',150,1099.00),(714,'business',20,2198.00),(714,'first',10,3297.00),(715,'economy',150,1099.00),(715,'business',20,2198.00),(715,'first',10,3297.00),(716,'economy',150,1099.00),(716,'business',20,2198.00),(716,'first',10,3297.00),(717,'economy',150,1099.00),(717,'business',20,2198.00),(717,'first',10,3297.00),(718,'economy',150,1099.00),(718,'business',20,2198.00),(718,'first',10,3297.00),(719,'economy',150,1099.00),(719,'business',20,2198.00),(719,'first',10,3297.00),(720,'economy',150,1099.00),(720,'business',20,2198.00),(720,'first',10,3297.00),(721,'economy',150,1099.00),(721,'business',20,2198.00),(721,'first',10,3297.00),(722,'economy',150,1099.00),(722,'business',20,2198.00),(722,'first',10,3297.00),(723,'economy',150,1099.00),(723,'business',20,2198.00),(723,'first',10,3297.00),(724,'economy',150,1099.00),(724,'business',20,2198.00),(724,'first',10,3297.00),(725,'economy',150,1099.00),(725,'business',20,2198.00),(725,'first',10,3297.00),(726,'economy',150,1099.00),(726,'business',20,2198.00),(726,'first',10,3297.00),(727,'economy',150,1099.00),(727,'business',20,2198.00),(727,'first',10,3297.00),(728,'economy',150,1099.00),(728,'business',20,2198.00),(728,'first',10,3297.00),(729,'economy',150,1099.00),(729,'business',20,2198.00),(729,'first',10,3297.00),(730,'economy',150,1099.00),(730,'business',20,2198.00),(730,'first',10,3297.00),(731,'economy',150,1099.00),(731,'business',20,2198.00),(731,'first',10,3297.00),(732,'economy',150,1099.00),(732,'business',20,2198.00),(732,'first',10,3297.00),(733,'economy',150,1099.00),(733,'business',20,2198.00),(733,'first',10,3297.00),(734,'economy',150,1099.00),(734,'business',20,2198.00),(734,'first',10,3297.00),(735,'economy',150,1099.00),(735,'business',20,2198.00),(735,'first',10,3297.00),(736,'economy',150,1099.00),(736,'business',20,2198.00),(736,'first',10,3297.00),(737,'economy',150,1099.00),(737,'business',20,2198.00),(737,'first',10,3297.00),(738,'economy',150,1099.00),(738,'business',20,2198.00),(738,'first',10,3297.00),(739,'economy',150,1099.00),(739,'business',20,2198.00),(739,'first',10,3297.00),(740,'economy',150,1099.00),(740,'business',20,2198.00),(740,'first',10,3297.00),(741,'economy',150,1099.00),(741,'business',20,2198.00),(741,'first',10,3297.00),(742,'economy',150,1099.00),(742,'business',20,2198.00),(742,'first',10,3297.00),(743,'economy',150,1099.00),(743,'business',20,2198.00),(743,'first',10,3297.00),(744,'economy',150,1099.00),(744,'business',20,2198.00),(744,'first',10,3297.00),(745,'economy',150,1099.00),(745,'business',20,2198.00),(745,'first',10,3297.00),(746,'economy',150,1099.00),(746,'business',20,2198.00),(746,'first',10,3297.00),(747,'economy',150,1099.00),(747,'business',20,2198.00),(747,'first',10,3297.00),(748,'economy',150,1099.00),(748,'business',20,2198.00),(748,'first',10,3297.00),(749,'economy',150,1099.00),(749,'business',20,2198.00),(749,'first',10,3297.00),(750,'economy',150,1099.00),(750,'business',20,2198.00),(750,'first',10,3297.00),(751,'economy',150,1099.00),(751,'business',20,2198.00),(751,'first',10,3297.00),(752,'economy',150,1099.00),(752,'business',20,2198.00),(752,'first',10,3297.00),(753,'economy',150,1099.00),(753,'business',20,2198.00),(753,'first',10,3297.00),(754,'economy',150,1099.00),(754,'business',20,2198.00),(754,'first',10,3297.00),(755,'economy',150,1099.00),(755,'business',20,2198.00),(755,'first',10,3297.00),(756,'economy',150,1099.00),(756,'business',20,2198.00),(756,'first',10,3297.00),(757,'economy',150,1099.00),(757,'business',20,2198.00),(757,'first',10,3297.00),(758,'economy',150,1099.00),(758,'business',20,2198.00),(758,'first',10,3297.00),(759,'economy',150,1099.00),(759,'business',20,2198.00),(759,'first',10,3297.00),(760,'economy',150,1099.00),(760,'business',20,2198.00),(760,'first',10,3297.00),(761,'economy',150,1099.00),(761,'business',20,2198.00),(761,'first',10,3297.00),(762,'economy',150,1099.00),(762,'business',20,2198.00),(762,'first',10,3297.00),(763,'economy',150,1099.00),(763,'business',20,2198.00),(763,'first',10,3297.00),(764,'economy',150,1099.00),(764,'business',20,2198.00),(764,'first',10,3297.00),(765,'economy',150,1099.00),(765,'business',20,2198.00),(765,'first',10,3297.00),(766,'economy',150,1099.00),(766,'business',20,2198.00),(766,'first',10,3297.00),(767,'economy',150,1099.00),(767,'business',20,2198.00),(767,'first',10,3297.00),(768,'economy',150,1099.00),(768,'business',20,2198.00),(768,'first',10,3297.00),(769,'economy',150,299.00),(769,'business',20,598.00),(769,'first',10,897.00),(770,'economy',150,299.00),(770,'business',20,598.00),(770,'first',10,897.00),(771,'economy',150,299.00),(771,'business',20,598.00),(771,'first',10,897.00),(772,'economy',150,299.00),(772,'business',20,598.00),(772,'first',10,897.00),(773,'economy',150,299.00),(773,'business',20,598.00),(773,'first',10,897.00),(774,'economy',150,299.00),(774,'business',20,598.00),(774,'first',10,897.00),(775,'economy',150,299.00),(775,'business',20,598.00),(775,'first',10,897.00),(776,'economy',150,299.00),(776,'business',20,598.00),(776,'first',10,897.00),(777,'economy',150,299.00),(777,'business',20,598.00),(777,'first',10,897.00),(778,'economy',150,299.00),(778,'business',20,598.00),(778,'first',10,897.00),(779,'economy',150,299.00),(779,'business',20,598.00),(779,'first',10,897.00),(780,'economy',150,299.00),(780,'business',20,598.00),(780,'first',10,897.00),(781,'economy',150,299.00),(781,'business',20,598.00),(781,'first',10,897.00),(782,'economy',150,299.00),(782,'business',20,598.00),(782,'first',10,897.00),(783,'economy',150,299.00),(783,'business',20,598.00),(783,'first',10,897.00),(784,'economy',150,299.00),(784,'business',20,598.00),(784,'first',10,897.00),(785,'economy',150,299.00),(785,'business',20,598.00),(785,'first',10,897.00),(786,'economy',150,299.00),(786,'business',20,598.00),(786,'first',10,897.00),(787,'economy',150,299.00),(787,'business',20,598.00),(787,'first',10,897.00),(788,'economy',150,299.00),(788,'business',20,598.00),(788,'first',10,897.00),(789,'economy',150,299.00),(789,'business',20,598.00),(789,'first',10,897.00),(790,'economy',150,299.00),(790,'business',20,598.00),(790,'first',10,897.00),(791,'economy',150,299.00),(791,'business',20,598.00),(791,'first',10,897.00),(792,'economy',150,299.00),(792,'business',20,598.00),(792,'first',10,897.00),(793,'economy',150,299.00),(793,'business',20,598.00),(793,'first',10,897.00),(794,'economy',150,299.00),(794,'business',20,598.00),(794,'first',10,897.00),(795,'economy',150,299.00),(795,'business',20,598.00),(795,'first',10,897.00),(796,'economy',150,299.00),(796,'business',20,598.00),(796,'first',10,897.00),(797,'economy',150,299.00),(797,'business',20,598.00),(797,'first',10,897.00),(798,'economy',150,299.00),(798,'business',20,598.00),(798,'first',10,897.00),(799,'economy',150,299.00),(799,'business',20,598.00),(799,'first',10,897.00),(800,'economy',150,299.00),(800,'business',20,598.00),(800,'first',10,897.00),(801,'economy',150,299.00),(801,'business',20,598.00),(801,'first',10,897.00),(802,'economy',150,299.00),(802,'business',20,598.00),(802,'first',10,897.00),(803,'economy',150,299.00),(803,'business',20,598.00),(803,'first',10,897.00),(804,'economy',150,299.00),(804,'business',20,598.00),(804,'first',10,897.00),(805,'economy',150,299.00),(805,'business',20,598.00),(805,'first',10,897.00),(806,'economy',150,299.00),(806,'business',20,598.00),(806,'first',10,897.00),(807,'economy',150,299.00),(807,'business',20,598.00),(807,'first',10,897.00),(808,'economy',150,299.00),(808,'business',20,598.00),(808,'first',10,897.00),(809,'economy',150,299.00),(809,'business',20,598.00),(809,'first',10,897.00),(810,'economy',150,299.00),(810,'business',20,598.00),(810,'first',10,897.00),(811,'economy',150,299.00),(811,'business',20,598.00),(811,'first',10,897.00),(812,'economy',150,299.00),(812,'business',20,598.00),(812,'first',10,897.00),(813,'economy',150,299.00),(813,'business',20,598.00),(813,'first',10,897.00),(814,'economy',150,299.00),(814,'business',20,598.00),(814,'first',10,897.00),(815,'economy',150,299.00),(815,'business',20,598.00),(815,'first',10,897.00),(816,'economy',150,299.00),(816,'business',20,598.00),(816,'first',10,897.00),(817,'economy',150,299.00),(817,'business',20,598.00),(817,'first',10,897.00),(818,'economy',150,299.00),(818,'business',20,598.00),(818,'first',10,897.00),(819,'economy',150,299.00),(819,'business',20,598.00),(819,'first',10,897.00),(820,'economy',150,299.00),(820,'business',20,598.00),(820,'first',10,897.00),(821,'economy',150,299.00),(821,'business',20,598.00),(821,'first',10,897.00),(822,'economy',150,299.00),(822,'business',20,598.00),(822,'first',10,897.00),(823,'economy',150,299.00),(823,'business',20,598.00),(823,'first',10,897.00),(824,'economy',150,299.00),(824,'business',20,598.00),(824,'first',10,897.00),(825,'economy',150,299.00),(825,'business',20,598.00),(825,'first',10,897.00),(826,'economy',150,299.00),(826,'business',20,598.00),(826,'first',10,897.00),(827,'economy',150,299.00),(827,'business',20,598.00),(827,'first',10,897.00),(828,'economy',150,299.00),(828,'business',20,598.00),(828,'first',10,897.00),(829,'economy',150,299.00),(829,'business',20,598.00),(829,'first',10,897.00),(830,'economy',150,299.00),(830,'business',20,598.00),(830,'first',10,897.00),(831,'economy',150,299.00),(831,'business',20,598.00),(831,'first',10,897.00),(832,'economy',150,299.00),(832,'business',20,598.00),(832,'first',10,897.00),(833,'economy',150,299.00),(833,'business',20,598.00),(833,'first',10,897.00),(834,'economy',150,299.00),(834,'business',20,598.00),(834,'first',10,897.00),(835,'economy',150,299.00),(835,'business',20,598.00),(835,'first',10,897.00),(836,'economy',150,299.00),(836,'business',20,598.00),(836,'first',10,897.00),(837,'economy',150,299.00),(837,'business',20,598.00),(837,'first',10,897.00),(838,'economy',150,299.00),(838,'business',20,598.00),(838,'first',10,897.00),(839,'economy',150,299.00),(839,'business',20,598.00),(839,'first',10,897.00),(840,'economy',150,299.00),(840,'business',20,598.00),(840,'first',10,897.00),(841,'economy',150,999.00),(841,'business',20,1998.00),(841,'first',10,2997.00),(842,'economy',150,999.00),(842,'business',20,1998.00),(842,'first',10,2997.00),(843,'economy',150,999.00),(843,'business',20,1998.00),(843,'first',10,2997.00),(844,'economy',150,999.00),(844,'business',20,1998.00),(844,'first',10,2997.00),(845,'economy',150,999.00),(845,'business',20,1998.00),(845,'first',10,2997.00),(846,'economy',150,999.00),(846,'business',20,1998.00),(846,'first',10,2997.00),(847,'economy',150,999.00),(847,'business',20,1998.00),(847,'first',10,2997.00),(848,'economy',150,999.00),(848,'business',20,1998.00),(848,'first',10,2997.00),(849,'economy',150,999.00),(849,'business',20,1998.00),(849,'first',10,2997.00),(850,'economy',150,999.00),(850,'business',20,1998.00),(850,'first',10,2997.00),(851,'economy',150,999.00),(851,'business',20,1998.00),(851,'first',10,2997.00),(852,'economy',150,999.00),(852,'business',20,1998.00),(852,'first',10,2997.00),(853,'economy',150,999.00),(853,'business',20,1998.00),(853,'first',10,2997.00),(854,'economy',150,999.00),(854,'business',20,1998.00),(854,'first',10,2997.00),(855,'economy',150,999.00),(855,'business',20,1998.00),(855,'first',10,2997.00),(856,'economy',150,999.00),(856,'business',20,1998.00),(856,'first',10,2997.00),(857,'economy',150,999.00),(857,'business',20,1998.00),(857,'first',10,2997.00),(858,'economy',150,999.00),(858,'business',20,1998.00),(858,'first',10,2997.00),(859,'economy',150,999.00),(859,'business',20,1998.00),(859,'first',10,2997.00),(860,'economy',150,999.00),(860,'business',20,1998.00),(860,'first',10,2997.00),(861,'economy',150,999.00),(861,'business',20,1998.00),(861,'first',10,2997.00),(862,'economy',150,999.00),(862,'business',20,1998.00),(862,'first',10,2997.00),(863,'economy',150,999.00),(863,'business',20,1998.00),(863,'first',10,2997.00),(864,'economy',150,999.00),(864,'business',20,1998.00),(864,'first',10,2997.00),(865,'economy',150,1099.00),(865,'business',20,2198.00),(865,'first',10,3297.00),(866,'economy',150,1099.00),(866,'business',20,2198.00),(866,'first',10,3297.00),(867,'economy',150,1099.00),(867,'business',20,2198.00),(867,'first',10,3297.00),(868,'economy',150,1099.00),(868,'business',20,2198.00),(868,'first',10,3297.00),(869,'economy',150,1099.00),(869,'business',20,2198.00),(869,'first',10,3297.00),(870,'economy',150,1099.00),(870,'business',20,2198.00),(870,'first',10,3297.00),(871,'economy',150,1099.00),(871,'business',20,2198.00),(871,'first',10,3297.00),(872,'economy',150,1099.00),(872,'business',20,2198.00),(872,'first',10,3297.00),(873,'economy',150,1099.00),(873,'business',20,2198.00),(873,'first',10,3297.00),(874,'economy',150,1099.00),(874,'business',20,2198.00),(874,'first',10,3297.00),(875,'economy',150,1099.00),(875,'business',20,2198.00),(875,'first',10,3297.00),(876,'economy',150,1099.00),(876,'business',20,2198.00),(876,'first',10,3297.00),(877,'economy',150,1099.00),(877,'business',20,2198.00),(877,'first',10,3297.00),(878,'economy',150,1099.00),(878,'business',20,2198.00),(878,'first',10,3297.00),(879,'economy',150,1099.00),(879,'business',20,2198.00),(879,'first',10,3297.00),(880,'economy',150,1099.00),(880,'business',20,2198.00),(880,'first',10,3297.00),(881,'economy',150,1099.00),(881,'business',20,2198.00),(881,'first',10,3297.00),(882,'economy',150,1099.00),(882,'business',20,2198.00),(882,'first',10,3297.00),(883,'economy',150,1099.00),(883,'business',20,2198.00),(883,'first',10,3297.00),(884,'economy',150,1099.00),(884,'business',20,2198.00),(884,'first',10,3297.00),(885,'economy',150,1099.00),(885,'business',20,2198.00),(885,'first',10,3297.00),(886,'economy',150,1099.00),(886,'business',20,2198.00),(886,'first',10,3297.00),(887,'economy',150,1099.00),(887,'business',20,2198.00),(887,'first',10,3297.00),(888,'economy',150,1099.00),(888,'business',20,2198.00),(888,'first',10,3297.00),(889,'economy',150,299.00),(889,'business',20,598.00),(889,'first',10,897.00),(890,'economy',150,299.00),(890,'business',20,598.00),(890,'first',10,897.00),(891,'economy',150,299.00),(891,'business',20,598.00),(891,'first',10,897.00),(892,'economy',150,299.00),(892,'business',20,598.00),(892,'first',10,897.00),(893,'economy',150,299.00),(893,'business',20,598.00),(893,'first',10,897.00),(894,'economy',150,299.00),(894,'business',20,598.00),(894,'first',10,897.00),(895,'economy',150,299.00),(895,'business',20,598.00),(895,'first',10,897.00),(896,'economy',150,299.00),(896,'business',20,598.00),(896,'first',10,897.00),(897,'economy',150,299.00),(897,'business',20,598.00),(897,'first',10,897.00),(898,'economy',150,299.00),(898,'business',20,598.00),(898,'first',10,897.00),(899,'economy',150,299.00),(899,'business',20,598.00),(899,'first',10,897.00),(900,'economy',150,299.00),(900,'business',20,598.00),(900,'first',10,897.00),(901,'economy',150,299.00),(901,'business',20,598.00),(901,'first',10,897.00),(902,'economy',150,299.00),(902,'business',20,598.00),(902,'first',10,897.00),(903,'economy',150,299.00),(903,'business',20,598.00),(903,'first',10,897.00),(904,'economy',150,299.00),(904,'business',20,598.00),(904,'first',10,897.00),(905,'economy',150,299.00),(905,'business',20,598.00),(905,'first',10,897.00),(906,'economy',150,299.00),(906,'business',20,598.00),(906,'first',10,897.00),(907,'economy',150,299.00),(907,'business',20,598.00),(907,'first',10,897.00),(908,'economy',150,299.00),(908,'business',20,598.00),(908,'first',10,897.00),(909,'economy',150,299.00),(909,'business',20,598.00),(909,'first',10,897.00),(910,'economy',150,299.00),(910,'business',20,598.00),(910,'first',10,897.00),(911,'economy',150,299.00),(911,'business',20,598.00),(911,'first',10,897.00),(912,'economy',150,299.00),(912,'business',20,598.00),(912,'first',10,897.00),(913,'economy',150,1499.00),(913,'business',20,2998.00),(913,'first',10,4497.00),(914,'economy',150,1499.00),(914,'business',20,2998.00),(914,'first',10,4497.00),(915,'economy',150,1499.00),(915,'business',20,2998.00),(915,'first',10,4497.00),(916,'economy',150,1499.00),(916,'business',20,2998.00),(916,'first',10,4497.00),(917,'economy',150,1499.00),(917,'business',20,2998.00),(917,'first',10,4497.00),(918,'economy',150,1499.00),(918,'business',20,2998.00),(918,'first',10,4497.00),(919,'economy',150,1499.00),(919,'business',20,2998.00),(919,'first',10,4497.00),(920,'economy',150,1499.00),(920,'business',20,2998.00),(920,'first',10,4497.00),(921,'economy',150,1499.00),(921,'business',20,2998.00),(921,'first',10,4497.00),(922,'economy',150,1499.00),(922,'business',20,2998.00),(922,'first',10,4497.00),(923,'economy',150,1499.00),(923,'business',20,2998.00),(923,'first',10,4497.00),(924,'economy',150,1499.00),(924,'business',20,2998.00),(924,'first',10,4497.00),(925,'economy',150,1499.00),(925,'business',20,2998.00),(925,'first',10,4497.00),(926,'economy',150,1499.00),(926,'business',20,2998.00),(926,'first',10,4497.00),(927,'economy',150,1499.00),(927,'business',20,2998.00),(927,'first',10,4497.00),(928,'economy',150,1499.00),(928,'business',20,2998.00),(928,'first',10,4497.00),(929,'economy',150,1499.00),(929,'business',20,2998.00),(929,'first',10,4497.00),(930,'economy',150,1499.00),(930,'business',20,2998.00),(930,'first',10,4497.00),(931,'economy',150,1499.00),(931,'business',20,2998.00),(931,'first',10,4497.00),(932,'economy',150,1499.00),(932,'business',20,2998.00),(932,'first',10,4497.00),(933,'economy',150,1499.00),(933,'business',20,2998.00),(933,'first',10,4497.00),(934,'economy',150,1499.00),(934,'business',20,2998.00),(934,'first',10,4497.00),(935,'economy',150,1499.00),(935,'business',20,2998.00),(935,'first',10,4497.00),(936,'economy',150,1499.00),(936,'business',20,2998.00),(936,'first',10,4497.00),(937,'economy',150,899.00),(937,'business',20,1798.00),(937,'first',10,2697.00),(938,'economy',150,899.00),(938,'business',20,1798.00),(938,'first',10,2697.00),(939,'economy',150,899.00),(939,'business',20,1798.00),(939,'first',10,2697.00),(940,'economy',150,899.00),(940,'business',20,1798.00),(940,'first',10,2697.00),(941,'economy',150,899.00),(941,'business',20,1798.00),(941,'first',10,2697.00),(942,'economy',150,899.00),(942,'business',20,1798.00),(942,'first',10,2697.00),(943,'economy',150,899.00),(943,'business',20,1798.00),(943,'first',10,2697.00),(944,'economy',150,899.00),(944,'business',20,1798.00),(944,'first',10,2697.00),(945,'economy',150,899.00),(945,'business',20,1798.00),(945,'first',10,2697.00),(946,'economy',150,899.00),(946,'business',20,1798.00),(946,'first',10,2697.00),(947,'economy',150,899.00),(947,'business',20,1798.00),(947,'first',10,2697.00),(948,'economy',150,899.00),(948,'business',20,1798.00),(948,'first',10,2697.00),(949,'economy',150,899.00),(949,'business',20,1798.00),(949,'first',10,2697.00),(950,'economy',150,899.00),(950,'business',20,1798.00),(950,'first',10,2697.00),(951,'economy',150,899.00),(951,'business',20,1798.00),(951,'first',10,2697.00),(952,'economy',150,899.00),(952,'business',20,1798.00),(952,'first',10,2697.00),(953,'economy',150,899.00),(953,'business',20,1798.00),(953,'first',10,2697.00),(954,'economy',150,899.00),(954,'business',20,1798.00),(954,'first',10,2697.00),(955,'economy',150,899.00),(955,'business',20,1798.00),(955,'first',10,2697.00),(956,'economy',150,899.00),(956,'business',20,1798.00),(956,'first',10,2697.00),(957,'economy',150,899.00),(957,'business',20,1798.00),(957,'first',10,2697.00),(958,'economy',150,899.00),(958,'business',20,1798.00),(958,'first',10,2697.00),(959,'economy',150,899.00),(959,'business',20,1798.00),(959,'first',10,2697.00),(960,'economy',150,899.00),(960,'business',20,1798.00),(960,'first',10,2697.00),(961,'economy',150,899.00),(961,'business',20,1798.00),(961,'first',10,2697.00),(962,'economy',150,899.00),(962,'business',20,1798.00),(962,'first',10,2697.00),(963,'economy',150,899.00),(963,'business',20,1798.00),(963,'first',10,2697.00),(964,'economy',150,899.00),(964,'business',20,1798.00),(964,'first',10,2697.00),(965,'economy',150,899.00),(965,'business',20,1798.00),(965,'first',10,2697.00),(966,'economy',150,899.00),(966,'business',20,1798.00),(966,'first',10,2697.00),(967,'economy',150,899.00),(967,'business',20,1798.00),(967,'first',10,2697.00),(968,'economy',150,899.00),(968,'business',20,1798.00),(968,'first',10,2697.00),(969,'economy',150,899.00),(969,'business',20,1798.00),(969,'first',10,2697.00),(970,'economy',150,899.00),(970,'business',20,1798.00),(970,'first',10,2697.00),(971,'economy',150,899.00),(971,'business',20,1798.00),(971,'first',10,2697.00),(972,'economy',150,899.00),(972,'business',20,1798.00),(972,'first',10,2697.00),(973,'economy',150,899.00),(973,'business',20,1798.00),(973,'first',10,2697.00),(974,'economy',150,899.00),(974,'business',20,1798.00),(974,'first',10,2697.00),(975,'economy',150,899.00),(975,'business',20,1798.00),(975,'first',10,2697.00),(976,'economy',150,899.00),(976,'business',20,1798.00),(976,'first',10,2697.00),(977,'economy',150,899.00),(977,'business',20,1798.00),(977,'first',10,2697.00),(978,'economy',150,899.00),(978,'business',20,1798.00),(978,'first',10,2697.00),(979,'economy',150,899.00),(979,'business',20,1798.00),(979,'first',10,2697.00),(980,'economy',150,899.00),(980,'business',20,1798.00),(980,'first',10,2697.00),(981,'economy',150,899.00),(981,'business',20,1798.00),(981,'first',10,2697.00),(982,'economy',150,899.00),(982,'business',20,1798.00),(982,'first',10,2697.00),(983,'economy',150,899.00),(983,'business',20,1798.00),(983,'first',10,2697.00),(984,'economy',150,899.00),(984,'business',20,1798.00),(984,'first',10,2697.00),(985,'economy',150,150.00),(985,'business',20,300.00),(985,'first',10,450.00),(986,'economy',150,150.00),(986,'business',20,300.00),(986,'first',10,450.00),(987,'economy',150,150.00),(987,'business',20,300.00),(987,'first',10,450.00),(988,'economy',150,150.00),(988,'business',20,300.00),(988,'first',10,450.00),(989,'economy',150,150.00),(989,'business',20,300.00),(989,'first',10,450.00),(990,'economy',150,150.00),(990,'business',20,300.00),(990,'first',10,450.00),(991,'economy',150,150.00),(991,'business',20,300.00),(991,'first',10,450.00),(992,'economy',150,150.00),(992,'business',20,300.00),(992,'first',10,450.00),(993,'economy',150,150.00),(993,'business',20,300.00),(993,'first',10,450.00),(994,'economy',150,150.00),(994,'business',20,300.00),(994,'first',10,450.00),(995,'economy',150,150.00),(995,'business',20,300.00),(995,'first',10,450.00),(996,'economy',150,150.00),(996,'business',20,300.00),(996,'first',10,450.00),(997,'economy',150,150.00),(997,'business',20,300.00),(997,'first',10,450.00),(998,'economy',150,150.00),(998,'business',20,300.00),(998,'first',10,450.00),(999,'economy',150,150.00),(999,'business',20,300.00),(999,'first',10,450.00),(1000,'economy',150,150.00),(1000,'business',20,300.00),(1000,'first',10,450.00),(1001,'economy',150,150.00),(1001,'business',20,300.00),(1001,'first',10,450.00),(1002,'economy',150,150.00),(1002,'business',20,300.00),(1002,'first',10,450.00),(1003,'economy',150,150.00),(1003,'business',20,300.00),(1003,'first',10,450.00),(1004,'economy',150,150.00),(1004,'business',20,300.00),(1004,'first',10,450.00),(1005,'economy',150,150.00),(1005,'business',20,300.00),(1005,'first',10,450.00),(1006,'economy',150,150.00),(1006,'business',20,300.00),(1006,'first',10,450.00),(1007,'economy',150,150.00),(1007,'business',20,300.00),(1007,'first',10,450.00),(1008,'economy',150,150.00),(1008,'business',20,300.00),(1008,'first',10,450.00),(1009,'economy',150,299.00),(1009,'business',20,598.00),(1009,'first',10,897.00),(1010,'economy',150,299.00),(1010,'business',20,598.00),(1010,'first',10,897.00),(1011,'economy',150,299.00),(1011,'business',20,598.00),(1011,'first',10,897.00),(1012,'economy',150,299.00),(1012,'business',20,598.00),(1012,'first',10,897.00),(1013,'economy',150,299.00),(1013,'business',20,598.00),(1013,'first',10,897.00),(1014,'economy',150,299.00),(1014,'business',20,598.00),(1014,'first',10,897.00),(1015,'economy',150,299.00),(1015,'business',20,598.00),(1015,'first',10,897.00),(1016,'economy',150,299.00),(1016,'business',20,598.00),(1016,'first',10,897.00),(1017,'economy',150,299.00),(1017,'business',20,598.00),(1017,'first',10,897.00),(1018,'economy',150,299.00),(1018,'business',20,598.00),(1018,'first',10,897.00),(1019,'economy',150,299.00),(1019,'business',20,598.00),(1019,'first',10,897.00),(1020,'economy',150,299.00),(1020,'business',20,598.00),(1020,'first',10,897.00),(1021,'economy',150,299.00),(1021,'business',20,598.00),(1021,'first',10,897.00),(1022,'economy',150,299.00),(1022,'business',20,598.00),(1022,'first',10,897.00),(1023,'economy',150,299.00),(1023,'business',20,598.00),(1023,'first',10,897.00),(1024,'economy',150,299.00),(1024,'business',20,598.00),(1024,'first',10,897.00),(1025,'economy',150,299.00),(1025,'business',20,598.00),(1025,'first',10,897.00),(1026,'economy',150,299.00),(1026,'business',20,598.00),(1026,'first',10,897.00),(1027,'economy',150,299.00),(1027,'business',20,598.00),(1027,'first',10,897.00),(1028,'economy',150,299.00),(1028,'business',20,598.00),(1028,'first',10,897.00),(1029,'economy',150,299.00),(1029,'business',20,598.00),(1029,'first',10,897.00),(1030,'economy',150,299.00),(1030,'business',20,598.00),(1030,'first',10,897.00),(1031,'economy',150,299.00),(1031,'business',20,598.00),(1031,'first',10,897.00),(1032,'economy',150,299.00),(1032,'business',20,598.00),(1032,'first',10,897.00),(1033,'economy',150,1099.00),(1033,'business',20,2198.00),(1033,'first',10,3297.00),(1034,'economy',150,1099.00),(1034,'business',20,2198.00),(1034,'first',10,3297.00),(1035,'economy',150,1099.00),(1035,'business',20,2198.00),(1035,'first',10,3297.00),(1036,'economy',150,1099.00),(1036,'business',20,2198.00),(1036,'first',10,3297.00),(1037,'economy',150,1099.00),(1037,'business',20,2198.00),(1037,'first',10,3297.00),(1038,'economy',150,1099.00),(1038,'business',20,2198.00),(1038,'first',10,3297.00),(1039,'economy',150,1099.00),(1039,'business',20,2198.00),(1039,'first',10,3297.00),(1040,'economy',150,1099.00),(1040,'business',20,2198.00),(1040,'first',10,3297.00),(1041,'economy',150,1099.00),(1041,'business',20,2198.00),(1041,'first',10,3297.00),(1042,'economy',150,1099.00),(1042,'business',20,2198.00),(1042,'first',10,3297.00),(1043,'economy',150,1099.00),(1043,'business',20,2198.00),(1043,'first',10,3297.00),(1044,'economy',150,1099.00),(1044,'business',20,2198.00),(1044,'first',10,3297.00),(1045,'economy',150,1099.00),(1045,'business',20,2198.00),(1045,'first',10,3297.00),(1046,'economy',150,1099.00),(1046,'business',20,2198.00),(1046,'first',10,3297.00),(1047,'economy',150,1099.00),(1047,'business',20,2198.00),(1047,'first',10,3297.00),(1048,'economy',150,1099.00),(1048,'business',20,2198.00),(1048,'first',10,3297.00),(1049,'economy',150,1099.00),(1049,'business',20,2198.00),(1049,'first',10,3297.00),(1050,'economy',150,1099.00),(1050,'business',20,2198.00),(1050,'first',10,3297.00),(1051,'economy',150,1099.00),(1051,'business',20,2198.00),(1051,'first',10,3297.00),(1052,'economy',150,1099.00),(1052,'business',20,2198.00),(1052,'first',10,3297.00),(1053,'economy',150,1099.00),(1053,'business',20,2198.00),(1053,'first',10,3297.00),(1054,'economy',150,1099.00),(1054,'business',20,2198.00),(1054,'first',10,3297.00),(1055,'economy',150,1099.00),(1055,'business',20,2198.00),(1055,'first',10,3297.00),(1056,'economy',150,1099.00),(1056,'business',20,2198.00),(1056,'first',10,3297.00),(1057,'economy',150,1099.00),(1057,'business',20,2198.00),(1057,'first',10,3297.00),(1058,'economy',150,1099.00),(1058,'business',20,2198.00),(1058,'first',10,3297.00),(1059,'economy',150,1099.00),(1059,'business',20,2198.00),(1059,'first',10,3297.00),(1060,'economy',150,1099.00),(1060,'business',20,2198.00),(1060,'first',10,3297.00),(1061,'economy',150,1099.00),(1061,'business',20,2198.00),(1061,'first',10,3297.00),(1062,'economy',150,1099.00),(1062,'business',20,2198.00),(1062,'first',10,3297.00),(1063,'economy',150,1099.00),(1063,'business',20,2198.00),(1063,'first',10,3297.00),(1064,'economy',150,1099.00),(1064,'business',20,2198.00),(1064,'first',10,3297.00),(1065,'economy',150,1099.00),(1065,'business',20,2198.00),(1065,'first',10,3297.00),(1066,'economy',150,1099.00),(1066,'business',20,2198.00),(1066,'first',10,3297.00),(1067,'economy',150,1099.00),(1067,'business',20,2198.00),(1067,'first',10,3297.00),(1068,'economy',150,1099.00),(1068,'business',20,2198.00),(1068,'first',10,3297.00),(1069,'economy',150,1099.00),(1069,'business',20,2198.00),(1069,'first',10,3297.00),(1070,'economy',150,1099.00),(1070,'business',20,2198.00),(1070,'first',10,3297.00),(1071,'economy',150,1099.00),(1071,'business',20,2198.00),(1071,'first',10,3297.00),(1072,'economy',150,1099.00),(1072,'business',20,2198.00),(1072,'first',10,3297.00),(1073,'economy',150,1099.00),(1073,'business',20,2198.00),(1073,'first',10,3297.00),(1074,'economy',150,1099.00),(1074,'business',20,2198.00),(1074,'first',10,3297.00),(1075,'economy',150,1099.00),(1075,'business',20,2198.00),(1075,'first',10,3297.00),(1076,'economy',150,1099.00),(1076,'business',20,2198.00),(1076,'first',10,3297.00),(1077,'economy',150,1099.00),(1077,'business',20,2198.00),(1077,'first',10,3297.00),(1078,'economy',150,1099.00),(1078,'business',20,2198.00),(1078,'first',10,3297.00),(1079,'economy',150,1099.00),(1079,'business',20,2198.00),(1079,'first',10,3297.00),(1080,'economy',150,1099.00),(1080,'business',20,2198.00),(1080,'first',10,3297.00),(1081,'economy',150,1099.00),(1081,'business',20,2198.00),(1081,'first',10,3297.00),(1082,'economy',150,1099.00),(1082,'business',20,2198.00),(1082,'first',10,3297.00),(1083,'economy',150,1099.00),(1083,'business',20,2198.00),(1083,'first',10,3297.00),(1084,'economy',150,1099.00),(1084,'business',20,2198.00),(1084,'first',10,3297.00),(1085,'economy',150,1099.00),(1085,'business',20,2198.00),(1085,'first',10,3297.00),(1086,'economy',150,1099.00),(1086,'business',20,2198.00),(1086,'first',10,3297.00),(1087,'economy',150,1099.00),(1087,'business',20,2198.00),(1087,'first',10,3297.00),(1088,'economy',150,1099.00),(1088,'business',20,2198.00),(1088,'first',10,3297.00),(1089,'economy',150,1099.00),(1089,'business',20,2198.00),(1089,'first',10,3297.00),(1090,'economy',150,1099.00),(1090,'business',20,2198.00),(1090,'first',10,3297.00),(1091,'economy',150,1099.00),(1091,'business',20,2198.00),(1091,'first',10,3297.00),(1092,'economy',150,1099.00),(1092,'business',20,2198.00),(1092,'first',10,3297.00),(1093,'economy',150,1099.00),(1093,'business',20,2198.00),(1093,'first',10,3297.00),(1094,'economy',150,1099.00),(1094,'business',20,2198.00),(1094,'first',10,3297.00),(1095,'economy',150,1099.00),(1095,'business',20,2198.00),(1095,'first',10,3297.00),(1096,'economy',150,1099.00),(1096,'business',20,2198.00),(1096,'first',10,3297.00),(1097,'economy',150,1099.00),(1097,'business',20,2198.00),(1097,'first',10,3297.00),(1098,'economy',150,1099.00),(1098,'business',20,2198.00),(1098,'first',10,3297.00),(1099,'economy',150,1099.00),(1099,'business',20,2198.00),(1099,'first',10,3297.00),(1100,'economy',150,1099.00),(1100,'business',20,2198.00),(1100,'first',10,3297.00),(1101,'economy',150,1099.00),(1101,'business',20,2198.00),(1101,'first',10,3297.00),(1102,'economy',150,1099.00),(1102,'business',20,2198.00),(1102,'first',10,3297.00),(1103,'economy',150,1099.00),(1103,'business',20,2198.00),(1103,'first',10,3297.00),(1104,'economy',150,1099.00),(1104,'business',20,2198.00),(1104,'first',10,3297.00),(1105,'economy',150,199.00),(1105,'business',20,398.00),(1105,'first',10,597.00),(1106,'economy',150,199.00),(1106,'business',20,398.00),(1106,'first',10,597.00),(1107,'economy',150,199.00),(1107,'business',20,398.00),(1107,'first',10,597.00),(1108,'economy',150,199.00),(1108,'business',20,398.00),(1108,'first',10,597.00),(1109,'economy',150,199.00),(1109,'business',20,398.00),(1109,'first',10,597.00),(1110,'economy',150,199.00),(1110,'business',20,398.00),(1110,'first',10,597.00),(1111,'economy',150,199.00),(1111,'business',20,398.00),(1111,'first',10,597.00),(1112,'economy',150,199.00),(1112,'business',20,398.00),(1112,'first',10,597.00),(1113,'economy',150,199.00),(1113,'business',20,398.00),(1113,'first',10,597.00),(1114,'economy',150,199.00),(1114,'business',20,398.00),(1114,'first',10,597.00),(1115,'economy',150,199.00),(1115,'business',20,398.00),(1115,'first',10,597.00),(1116,'economy',150,199.00),(1116,'business',20,398.00),(1116,'first',10,597.00),(1117,'economy',150,199.00),(1117,'business',20,398.00),(1117,'first',10,597.00),(1118,'economy',150,199.00),(1118,'business',20,398.00),(1118,'first',10,597.00),(1119,'economy',150,199.00),(1119,'business',20,398.00),(1119,'first',10,597.00),(1120,'economy',150,199.00),(1120,'business',20,398.00),(1120,'first',10,597.00),(1121,'economy',150,199.00),(1121,'business',20,398.00),(1121,'first',10,597.00),(1122,'economy',150,199.00),(1122,'business',20,398.00),(1122,'first',10,597.00),(1123,'economy',150,199.00),(1123,'business',20,398.00),(1123,'first',10,597.00),(1124,'economy',150,199.00),(1124,'business',20,398.00),(1124,'first',10,597.00),(1125,'economy',150,199.00),(1125,'business',20,398.00),(1125,'first',10,597.00),(1126,'economy',150,199.00),(1126,'business',20,398.00),(1126,'first',10,597.00),(1127,'economy',150,199.00),(1127,'business',20,398.00),(1127,'first',10,597.00),(1128,'economy',150,199.00),(1128,'business',20,398.00),(1128,'first',10,597.00),(1129,'economy',150,899.00),(1129,'business',20,1798.00),(1129,'first',10,2697.00),(1130,'economy',150,899.00),(1130,'business',20,1798.00),(1130,'first',10,2697.00),(1131,'economy',150,899.00),(1131,'business',20,1798.00),(1131,'first',10,2697.00),(1132,'economy',150,899.00),(1132,'business',20,1798.00),(1132,'first',10,2697.00),(1133,'economy',150,899.00),(1133,'business',20,1798.00),(1133,'first',10,2697.00),(1134,'economy',150,899.00),(1134,'business',20,1798.00),(1134,'first',10,2697.00),(1135,'economy',150,899.00),(1135,'business',20,1798.00),(1135,'first',10,2697.00),(1136,'economy',150,899.00),(1136,'business',20,1798.00),(1136,'first',10,2697.00),(1137,'economy',150,899.00),(1137,'business',20,1798.00),(1137,'first',10,2697.00),(1138,'economy',150,899.00),(1138,'business',20,1798.00),(1138,'first',10,2697.00),(1139,'economy',150,899.00),(1139,'business',20,1798.00),(1139,'first',10,2697.00),(1140,'economy',150,899.00),(1140,'business',20,1798.00),(1140,'first',10,2697.00),(1141,'economy',150,899.00),(1141,'business',20,1798.00),(1141,'first',10,2697.00),(1142,'economy',150,899.00),(1142,'business',20,1798.00),(1142,'first',10,2697.00),(1143,'economy',150,899.00),(1143,'business',20,1798.00),(1143,'first',10,2697.00),(1144,'economy',150,899.00),(1144,'business',20,1798.00),(1144,'first',10,2697.00),(1145,'economy',150,899.00),(1145,'business',20,1798.00),(1145,'first',10,2697.00),(1146,'economy',150,899.00),(1146,'business',20,1798.00),(1146,'first',10,2697.00),(1147,'economy',150,899.00),(1147,'business',20,1798.00),(1147,'first',10,2697.00),(1148,'economy',150,899.00),(1148,'business',20,1798.00),(1148,'first',10,2697.00),(1149,'economy',150,899.00),(1149,'business',20,1798.00),(1149,'first',10,2697.00),(1150,'economy',150,899.00),(1150,'business',20,1798.00),(1150,'first',10,2697.00),(1151,'economy',150,899.00),(1151,'business',20,1798.00),(1151,'first',10,2697.00),(1152,'economy',150,899.00),(1152,'business',20,1798.00),(1152,'first',10,2697.00),(1153,'economy',150,150.00),(1153,'business',20,300.00),(1153,'first',10,450.00),(1154,'economy',150,150.00),(1154,'business',20,300.00),(1154,'first',10,450.00),(1155,'economy',150,150.00),(1155,'business',20,300.00),(1155,'first',10,450.00),(1156,'economy',150,150.00),(1156,'business',20,300.00),(1156,'first',10,450.00),(1157,'economy',150,150.00),(1157,'business',20,300.00),(1157,'first',10,450.00),(1158,'economy',150,150.00),(1158,'business',20,300.00),(1158,'first',10,450.00),(1159,'economy',150,150.00),(1159,'business',20,300.00),(1159,'first',10,450.00),(1160,'economy',150,150.00),(1160,'business',20,300.00),(1160,'first',10,450.00),(1161,'economy',150,150.00),(1161,'business',20,300.00),(1161,'first',10,450.00),(1162,'economy',150,150.00),(1162,'business',20,300.00),(1162,'first',10,450.00),(1163,'economy',150,150.00),(1163,'business',20,300.00),(1163,'first',10,450.00),(1164,'economy',150,150.00),(1164,'business',20,300.00),(1164,'first',10,450.00),(1165,'economy',150,150.00),(1165,'business',20,300.00),(1165,'first',10,450.00),(1166,'economy',150,150.00),(1166,'business',20,300.00),(1166,'first',10,450.00),(1167,'economy',150,150.00),(1167,'business',20,300.00),(1167,'first',10,450.00),(1168,'economy',150,150.00),(1168,'business',20,300.00),(1168,'first',10,450.00),(1169,'economy',150,150.00),(1169,'business',20,300.00),(1169,'first',10,450.00),(1170,'economy',150,150.00),(1170,'business',20,300.00),(1170,'first',10,450.00),(1171,'economy',150,150.00),(1171,'business',20,300.00),(1171,'first',10,450.00),(1172,'economy',150,150.00),(1172,'business',20,300.00),(1172,'first',10,450.00),(1173,'economy',150,150.00),(1173,'business',20,300.00),(1173,'first',10,450.00),(1174,'economy',150,150.00),(1174,'business',20,300.00),(1174,'first',10,450.00),(1175,'economy',150,150.00),(1175,'business',20,300.00),(1175,'first',10,450.00),(1176,'economy',150,150.00),(1176,'business',20,300.00),(1176,'first',10,450.00),(1177,'economy',150,2050.00),(1177,'business',20,4100.00),(1177,'first',10,6150.00),(1178,'economy',150,2050.00),(1178,'business',20,4100.00),(1178,'first',10,6150.00),(1179,'economy',150,2050.00),(1179,'business',20,4100.00),(1179,'first',10,6150.00),(1180,'economy',150,2050.00),(1180,'business',20,4100.00),(1180,'first',10,6150.00),(1181,'economy',150,2050.00),(1181,'business',20,4100.00),(1181,'first',10,6150.00),(1182,'economy',150,2050.00),(1182,'business',20,4100.00),(1182,'first',10,6150.00),(1183,'economy',150,2050.00),(1183,'business',20,4100.00),(1183,'first',10,6150.00),(1184,'economy',150,2050.00),(1184,'business',20,4100.00),(1184,'first',10,6150.00),(1185,'economy',150,2050.00),(1185,'business',20,4100.00),(1185,'first',10,6150.00),(1186,'economy',150,2050.00),(1186,'business',20,4100.00),(1186,'first',10,6150.00),(1187,'economy',150,2050.00),(1187,'business',20,4100.00),(1187,'first',10,6150.00),(1188,'economy',150,2050.00),(1188,'business',20,4100.00),(1188,'first',10,6150.00),(1189,'economy',150,2050.00),(1189,'business',20,4100.00),(1189,'first',10,6150.00),(1190,'economy',150,2050.00),(1190,'business',20,4100.00),(1190,'first',10,6150.00),(1191,'economy',150,2050.00),(1191,'business',20,4100.00),(1191,'first',10,6150.00),(1192,'economy',150,2050.00),(1192,'business',20,4100.00),(1192,'first',10,6150.00),(1193,'economy',150,2050.00),(1193,'business',20,4100.00),(1193,'first',10,6150.00),(1194,'economy',150,2050.00),(1194,'business',20,4100.00),(1194,'first',10,6150.00),(1195,'economy',150,2050.00),(1195,'business',20,4100.00),(1195,'first',10,6150.00),(1196,'economy',150,2050.00),(1196,'business',20,4100.00),(1196,'first',10,6150.00),(1197,'economy',150,2050.00),(1197,'business',20,4100.00),(1197,'first',10,6150.00),(1198,'economy',150,2050.00),(1198,'business',20,4100.00),(1198,'first',10,6150.00),(1199,'economy',150,2050.00),(1199,'business',20,4100.00),(1199,'first',10,6150.00),(1200,'economy',150,2050.00),(1200,'business',20,4100.00),(1200,'first',10,6150.00);
/*!40000 ALTER TABLE `flight_seats` ENABLE KEYS */;
UNLOCK TABLES;

--
-- Table structure for table `flights`
--

DROP TABLE IF EXISTS `flights`;
/*!40101 SET @saved_cs_client     = @@character_set_client */;
/*!50503 SET character_set_client = utf8mb4 */;
CREATE TABLE `flights` (
  `flight_id` int NOT NULL AUTO_INCREMENT,
  `origin` varchar(100) NOT NULL,
  `destination_id` int NOT NULL,
  `departure_date` date NOT NULL,
  PRIMARY KEY (`flight_id`),
  KEY `idx_departure_date` (`departure_date`),
  KEY `idx_origin` (`origin`),
  KEY `idx_destination_flights` (`destination_id`,`flight_id`),
  CONSTRAINT `fk_destination` FOREIGN KEY (`destination_id`) REFERENCES `destinations` (`destination_id`) ON DELETE CASCADE,
  CONSTRAINT `chk_origin_heathrow` CHECK ((`origin` = _utf8mb4'London Heathrow'))
) ENGINE=InnoDB AUTO_INCREMENT=2048 DEFAULT CHARSET=utf8mb4 COLLATE=utf8mb4_0900_ai_ci;
/*!40101 SET character_set_client = @saved_cs_client */;

--
-- Dumping data for table `flights`
--

LOCK TABLES `flights` WRITE;
/*!40000 ALTER TABLE `flights` DISABLE KEYS */;
INSERT INTO `flights` VALUES (1,'London Heathrow',1,'2025-05-21'),(2,'London Heathrow',1,'2025-05-11'),(3,'London Heathrow',1,'2025-05-08'),(4,'London Heathrow',1,'2025-06-12'),(5,'London Heathrow',1,'2025-06-20'),(6,'London Heathrow',1,'2025-06-22'),(7,'London Heathrow',1,'2025-07-05'),(8,'London Heathrow',1,'2025-07-08'),(9,'London Heathrow',1,'2025-07-26'),(10,'London Heathrow',1,'2025-08-03'),(11,'London Heathrow',1,'2025-08-22'),(12,'London Heathrow',1,'2025-08-14'),(13,'London Heathrow',1,'2025-09-09'),(14,'London Heathrow',1,'2025-09-11'),(15,'London Heathrow',1,'2025-09-27'),(16,'London Heathrow',1,'2025-10-10'),(17,'London Heathrow',1,'2025-10-25'),(18,'London Heathrow',1,'2025-10-13'),(19,'London Heathrow',1,'2025-11-28'),(20,'London Heathrow',1,'2025-11-27'),(21,'London Heathrow',1,'2025-11-20'),(22,'London Heathrow',1,'2025-12-17'),(23,'London Heathrow',1,'2025-12-03'),(24,'London Heathrow',1,'2025-12-21'),(25,'London Heathrow',2,'2025-05-24'),(26,'London Heathrow',2,'2025-05-25'),(27,'London Heathrow',2,'2025-05-23'),(28,'London Heathrow',2,'2025-06-12'),(29,'London Heathrow',2,'2025-06-21'),(30,'London Heathrow',2,'2025-06-15'),(31,'London Heathrow',2,'2025-07-24'),(32,'London Heathrow',2,'2025-07-14'),(33,'London Heathrow',2,'2025-07-02'),(34,'London Heathrow',2,'2025-08-02'),(35,'London Heathrow',2,'2025-08-07'),(36,'London Heathrow',2,'2025-08-15'),(37,'London Heathrow',2,'2025-09-26'),(38,'London Heathrow',2,'2025-09-03'),(39,'London Heathrow',2,'2025-09-04'),(40,'London Heathrow',2,'2025-10-24'),(41,'London Heathrow',2,'2025-10-12'),(42,'London Heathrow',2,'2025-10-11'),(43,'London Heathrow',2,'2025-11-02'),(44,'London Heathrow',2,'2025-11-03'),(45,'London Heathrow',2,'2025-11-28'),(46,'London Heathrow',2,'2025-12-05'),(47,'London Heathrow',2,'2025-12-28'),(48,'London Heathrow',2,'2025-12-17'),(49,'London Heathrow',3,'2025-05-05'),(50,'London Heathrow',3,'2025-05-09'),(51,'London Heathrow',3,'2025-05-25'),(52,'London Heathrow',3,'2025-06-02'),(53,'London Heathrow',3,'2025-06-04'),(54,'London Heathrow',3,'2025-06-27'),(55,'London Heathrow',3,'2025-07-26'),(56,'London Heathrow',3,'2025-07-20'),(57,'London Heathrow',3,'2025-07-15'),(58,'London Heathrow',3,'2025-08-13'),(59,'London Heathrow',3,'2025-08-14'),(60,'London Heathrow',3,'2025-08-14'),(61,'London Heathrow',3,'2025-09-26'),(62,'London Heathrow',3,'2025-09-28'),(63,'London Heathrow',3,'2025-09-17'),(64,'London Heathrow',3,'2025-10-23'),(65,'London Heathrow',3,'2025-10-17'),(66,'London Heathrow',3,'2025-10-28'),(67,'London Heathrow',3,'2025-11-12'),(68,'London Heathrow',3,'2025-11-11'),(69,'London Heathrow',3,'2025-11-19'),(70,'London Heathrow',3,'2025-12-22'),(71,'London Heathrow',3,'2025-12-17'),(72,'London Heathrow',3,'2025-12-09'),(73,'London Heathrow',4,'2025-05-14'),(74,'London Heathrow',4,'2025-05-06'),(75,'London Heathrow',4,'2025-05-15'),(76,'London Heathrow',4,'2025-06-27'),(77,'London Heathrow',4,'2025-06-07'),(78,'London Heathrow',4,'2025-06-26'),(79,'London Heathrow',4,'2025-07-11'),(80,'London Heathrow',4,'2025-07-12'),(81,'London Heathrow',4,'2025-07-27'),(82,'London Heathrow',4,'2025-08-26'),(83,'London Heathrow',4,'2025-08-24'),(84,'London Heathrow',4,'2025-08-19'),(85,'London Heathrow',4,'2025-09-18'),(86,'London Heathrow',4,'2025-09-10'),(87,'London Heathrow',4,'2025-09-23'),(88,'London Heathrow',4,'2025-10-28'),(89,'London Heathrow',4,'2025-10-20'),(90,'London Heathrow',4,'2025-10-28'),(91,'London Heathrow',4,'2025-11-01'),(92,'London Heathrow',4,'2025-11-26'),(93,'London Heathrow',4,'2025-11-15'),(94,'London Heathrow',4,'2025-12-20'),(95,'London Heathrow',4,'2025-12-13'),(96,'London Heathrow',4,'2025-12-13'),(97,'London Heathrow',5,'2025-05-27'),(98,'London Heathrow',5,'2025-05-21'),(99,'London Heathrow',5,'2025-05-24'),(100,'London Heathrow',5,'2025-06-01'),(101,'London Heathrow',5,'2025-06-24'),(102,'London Heathrow',5,'2025-06-05'),(103,'London Heathrow',5,'2025-07-11'),(104,'London Heathrow',5,'2025-07-14'),(105,'London Heathrow',5,'2025-07-14'),(106,'London Heathrow',5,'2025-08-16'),(107,'London Heathrow',5,'2025-08-06'),(108,'London Heathrow',5,'2025-08-07'),(109,'London Heathrow',5,'2025-09-11'),(110,'London Heathrow',5,'2025-09-28'),(111,'London Heathrow',5,'2025-09-05'),(112,'London Heathrow',5,'2025-10-23'),(113,'London Heathrow',5,'2025-10-06'),(114,'London Heathrow',5,'2025-10-04'),(115,'London Heathrow',5,'2025-11-19'),(116,'London Heathrow',5,'2025-11-20'),(117,'London Heathrow',5,'2025-11-05'),(118,'London Heathrow',5,'2025-12-15'),(119,'London Heathrow',5,'2025-12-22'),(120,'London Heathrow',5,'2025-12-12'),(121,'London Heathrow',6,'2025-05-13'),(122,'London Heathrow',6,'2025-05-07'),(123,'London Heathrow',6,'2025-05-01'),(124,'London Heathrow',6,'2025-06-09'),(125,'London Heathrow',6,'2025-06-04'),(126,'London Heathrow',6,'2025-06-06'),(127,'London Heathrow',6,'2025-07-28'),(128,'London Heathrow',6,'2025-07-03'),(129,'London Heathrow',6,'2025-07-19'),(130,'London Heathrow',6,'2025-08-17'),(131,'London Heathrow',6,'2025-08-13'),(132,'London Heathrow',6,'2025-08-23'),(133,'London Heathrow',6,'2025-09-02'),(134,'London Heathrow',6,'2025-09-11'),(135,'London Heathrow',6,'2025-09-28'),(136,'London Heathrow',6,'2025-10-07'),(137,'London Heathrow',6,'2025-10-06'),(138,'London Heathrow',6,'2025-10-25'),(139,'London Heathrow',6,'2025-11-22'),(140,'London Heathrow',6,'2025-11-02'),(141,'London Heathrow',6,'2025-11-06'),(142,'London Heathrow',6,'2025-12-15'),(143,'London Heathrow',6,'2025-12-21'),(144,'London Heathrow',6,'2025-12-18'),(145,'London Heathrow',7,'2025-05-24'),(146,'London Heathrow',7,'2025-05-18'),(147,'London Heathrow',7,'2025-05-15'),(148,'London Heathrow',7,'2025-06-28'),(149,'London Heathrow',7,'2025-06-21'),(150,'London Heathrow',7,'2025-06-02'),(151,'London Heathrow',7,'2025-07-22'),(152,'London Heathrow',7,'2025-07-04'),(153,'London Heathrow',7,'2025-07-23'),(154,'London Heathrow',7,'2025-08-09'),(155,'London Heathrow',7,'2025-08-10'),(156,'London Heathrow',7,'2025-08-02'),(157,'London Heathrow',7,'2025-09-18'),(158,'London Heathrow',7,'2025-09-05'),(159,'London Heathrow',7,'2025-09-13'),(160,'London Heathrow',7,'2025-10-08'),(161,'London Heathrow',7,'2025-10-15'),(162,'London Heathrow',7,'2025-10-02'),(163,'London Heathrow',7,'2025-11-24'),(164,'London Heathrow',7,'2025-11-14'),(165,'London Heathrow',7,'2025-11-24'),(166,'London Heathrow',7,'2025-12-25'),(167,'London Heathrow',7,'2025-12-21'),(168,'London Heathrow',7,'2025-12-02'),(169,'London Heathrow',8,'2025-05-22'),(170,'London Heathrow',8,'2025-05-13'),(171,'London Heathrow',8,'2025-05-20'),(172,'London Heathrow',8,'2025-06-25'),(173,'London Heathrow',8,'2025-06-24'),(174,'London Heathrow',8,'2025-06-08'),(175,'London Heathrow',8,'2025-07-25'),(176,'London Heathrow',8,'2025-07-17'),(177,'London Heathrow',8,'2025-07-09'),(178,'London Heathrow',8,'2025-08-25'),(179,'London Heathrow',8,'2025-08-06'),(180,'London Heathrow',8,'2025-08-06'),(181,'London Heathrow',8,'2025-09-14'),(182,'London Heathrow',8,'2025-09-27'),(183,'London Heathrow',8,'2025-09-19'),(184,'London Heathrow',8,'2025-10-12'),(185,'London Heathrow',8,'2025-10-16'),(186,'London Heathrow',8,'2025-10-06'),(187,'London Heathrow',8,'2025-11-15'),(188,'London Heathrow',8,'2025-11-03'),(189,'London Heathrow',8,'2025-11-04'),(190,'London Heathrow',8,'2025-12-07'),(191,'London Heathrow',8,'2025-12-10'),(192,'London Heathrow',8,'2025-12-26'),(193,'London Heathrow',9,'2025-05-13'),(194,'London Heathrow',9,'2025-05-24'),(195,'London Heathrow',9,'2025-05-13'),(196,'London Heathrow',9,'2025-06-14'),(197,'London Heathrow',9,'2025-06-16'),(198,'London Heathrow',9,'2025-06-17'),(199,'London Heathrow',9,'2025-07-18'),(200,'London Heathrow',9,'2025-07-23'),(201,'London Heathrow',9,'2025-07-25'),(202,'London Heathrow',9,'2025-08-07'),(203,'London Heathrow',9,'2025-08-14'),(204,'London Heathrow',9,'2025-08-13'),(205,'London Heathrow',9,'2025-09-17'),(206,'London Heathrow',9,'2025-09-05'),(207,'London Heathrow',9,'2025-09-11'),(208,'London Heathrow',9,'2025-10-01'),(209,'London Heathrow',9,'2025-10-05'),(210,'London Heathrow',9,'2025-10-15'),(211,'London Heathrow',9,'2025-11-08'),(212,'London Heathrow',9,'2025-11-15'),(213,'London Heathrow',9,'2025-11-06'),(214,'London Heathrow',9,'2025-12-25'),(215,'London Heathrow',9,'2025-12-25'),(216,'London Heathrow',9,'2025-12-09'),(217,'London Heathrow',10,'2025-05-23'),(218,'London Heathrow',10,'2025-05-07'),(219,'London Heathrow',10,'2025-05-08'),(220,'London Heathrow',10,'2025-06-26'),(221,'London Heathrow',10,'2025-06-05'),(222,'London Heathrow',10,'2025-06-17'),(223,'London Heathrow',10,'2025-07-06'),(224,'London Heathrow',10,'2025-07-10'),(225,'London Heathrow',10,'2025-07-01'),(226,'London Heathrow',10,'2025-08-15'),(227,'London Heathrow',10,'2025-08-23'),(228,'London Heathrow',10,'2025-08-03'),(229,'London Heathrow',10,'2025-09-08'),(230,'London Heathrow',10,'2025-09-08'),(231,'London Heathrow',10,'2025-09-21'),(232,'London Heathrow',10,'2025-10-07'),(233,'London Heathrow',10,'2025-10-10'),(234,'London Heathrow',10,'2025-10-03'),(235,'London Heathrow',10,'2025-11-10'),(236,'London Heathrow',10,'2025-11-07'),(237,'London Heathrow',10,'2025-11-17'),(238,'London Heathrow',10,'2025-12-01'),(239,'London Heathrow',10,'2025-12-11'),(240,'London Heathrow',10,'2025-12-18'),(241,'London Heathrow',11,'2025-05-11'),(242,'London Heathrow',11,'2025-05-16'),(243,'London Heathrow',11,'2025-05-16'),(244,'London Heathrow',11,'2025-06-26'),(245,'London Heathrow',11,'2025-06-20'),(246,'London Heathrow',11,'2025-06-03'),(247,'London Heathrow',11,'2025-07-04'),(248,'London Heathrow',11,'2025-07-08'),(249,'London Heathrow',11,'2025-07-16'),(250,'London Heathrow',11,'2025-08-17'),(251,'London Heathrow',11,'2025-08-24'),(252,'London Heathrow',11,'2025-08-09'),(253,'London Heathrow',11,'2025-09-02'),(254,'London Heathrow',11,'2025-09-27'),(255,'London Heathrow',11,'2025-09-18'),(256,'London Heathrow',11,'2025-10-22'),(257,'London Heathrow',11,'2025-10-13'),(258,'London Heathrow',11,'2025-10-07'),(259,'London Heathrow',11,'2025-11-09'),(260,'London Heathrow',11,'2025-11-24'),(261,'London Heathrow',11,'2025-11-28'),(262,'London Heathrow',11,'2025-12-23'),(263,'London Heathrow',11,'2025-12-09'),(264,'London Heathrow',11,'2025-12-22'),(265,'London Heathrow',12,'2025-05-26'),(266,'London Heathrow',12,'2025-05-15'),(267,'London Heathrow',12,'2025-05-07'),(268,'London Heathrow',12,'2025-06-03'),(269,'London Heathrow',12,'2025-06-22'),(270,'London Heathrow',12,'2025-06-11'),(271,'London Heathrow',12,'2025-07-07'),(272,'London Heathrow',12,'2025-07-13'),(273,'London Heathrow',12,'2025-07-02'),(274,'London Heathrow',12,'2025-08-07'),(275,'London Heathrow',12,'2025-08-03'),(276,'London Heathrow',12,'2025-08-09'),(277,'London Heathrow',12,'2025-09-19'),(278,'London Heathrow',12,'2025-09-18'),(279,'London Heathrow',12,'2025-09-18'),(280,'London Heathrow',12,'2025-10-11'),(281,'London Heathrow',12,'2025-10-20'),(282,'London Heathrow',12,'2025-10-12'),(283,'London Heathrow',12,'2025-11-20'),(284,'London Heathrow',12,'2025-11-26'),(285,'London Heathrow',12,'2025-11-19'),(286,'London Heathrow',12,'2025-12-23'),(287,'London Heathrow',12,'2025-12-16'),(288,'London Heathrow',12,'2025-12-06'),(289,'London Heathrow',13,'2025-05-19'),(290,'London Heathrow',13,'2025-05-07'),(291,'London Heathrow',13,'2025-05-26'),(292,'London Heathrow',13,'2025-06-27'),(293,'London Heathrow',13,'2025-06-10'),(294,'London Heathrow',13,'2025-06-12'),(295,'London Heathrow',13,'2025-07-17'),(296,'London Heathrow',13,'2025-07-12'),(297,'London Heathrow',13,'2025-07-11'),(298,'London Heathrow',13,'2025-08-24'),(299,'London Heathrow',13,'2025-08-13'),(300,'London Heathrow',13,'2025-08-12'),(301,'London Heathrow',13,'2025-09-20'),(302,'London Heathrow',13,'2025-09-08'),(303,'London Heathrow',13,'2025-09-07'),(304,'London Heathrow',13,'2025-10-04'),(305,'London Heathrow',13,'2025-10-22'),(306,'London Heathrow',13,'2025-10-13'),(307,'London Heathrow',13,'2025-11-26'),(308,'London Heathrow',13,'2025-11-12'),(309,'London Heathrow',13,'2025-11-16'),(310,'London Heathrow',13,'2025-12-02'),(311,'London Heathrow',13,'2025-12-20'),(312,'London Heathrow',13,'2025-12-05'),(313,'London Heathrow',14,'2025-05-08'),(314,'London Heathrow',14,'2025-05-20'),(315,'London Heathrow',14,'2025-05-14'),(316,'London Heathrow',14,'2025-06-26'),(317,'London Heathrow',14,'2025-06-07'),(318,'London Heathrow',14,'2025-06-15'),(319,'London Heathrow',14,'2025-07-26'),(320,'London Heathrow',14,'2025-07-15'),(321,'London Heathrow',14,'2025-07-25'),(322,'London Heathrow',14,'2025-08-04'),(323,'London Heathrow',14,'2025-08-22'),(324,'London Heathrow',14,'2025-08-28'),(325,'London Heathrow',14,'2025-09-19'),(326,'London Heathrow',14,'2025-09-25'),(327,'London Heathrow',14,'2025-09-11'),(328,'London Heathrow',14,'2025-10-11'),(329,'London Heathrow',14,'2025-10-07'),(330,'London Heathrow',14,'2025-10-28'),(331,'London Heathrow',14,'2025-11-01'),(332,'London Heathrow',14,'2025-11-26'),(333,'London Heathrow',14,'2025-11-24'),(334,'London Heathrow',14,'2025-12-09'),(335,'London Heathrow',14,'2025-12-11'),(336,'London Heathrow',14,'2025-12-12'),(337,'London Heathrow',15,'2025-05-09'),(338,'London Heathrow',15,'2025-05-01'),(339,'London Heathrow',15,'2025-05-21'),(340,'London Heathrow',15,'2025-06-21'),(341,'London Heathrow',15,'2025-06-11'),(342,'London Heathrow',15,'2025-06-24'),(343,'London Heathrow',15,'2025-07-08'),(344,'London Heathrow',15,'2025-07-15'),(345,'London Heathrow',15,'2025-07-14'),(346,'London Heathrow',15,'2025-08-19'),(347,'London Heathrow',15,'2025-08-21'),(348,'London Heathrow',15,'2025-08-19'),(349,'London Heathrow',15,'2025-09-04'),(350,'London Heathrow',15,'2025-09-03'),(351,'London Heathrow',15,'2025-09-27'),(352,'London Heathrow',15,'2025-10-02'),(353,'London Heathrow',15,'2025-10-21'),(354,'London Heathrow',15,'2025-10-07'),(355,'London Heathrow',15,'2025-11-07'),(356,'London Heathrow',15,'2025-11-01'),(357,'London Heathrow',15,'2025-11-20'),(358,'London Heathrow',15,'2025-12-10'),(359,'London Heathrow',15,'2025-12-01'),(360,'London Heathrow',15,'2025-12-14'),(361,'London Heathrow',16,'2025-05-03'),(362,'London Heathrow',16,'2025-05-18'),(363,'London Heathrow',16,'2025-05-17'),(364,'London Heathrow',16,'2025-06-22'),(365,'London Heathrow',16,'2025-06-06'),(366,'London Heathrow',16,'2025-06-01'),(367,'London Heathrow',16,'2025-07-18'),(368,'London Heathrow',16,'2025-07-05'),(369,'London Heathrow',16,'2025-07-17'),(370,'London Heathrow',16,'2025-08-13'),(371,'London Heathrow',16,'2025-08-05'),(372,'London Heathrow',16,'2025-08-28'),(373,'London Heathrow',16,'2025-09-17'),(374,'London Heathrow',16,'2025-09-25'),(375,'London Heathrow',16,'2025-09-27'),(376,'London Heathrow',16,'2025-10-14'),(377,'London Heathrow',16,'2025-10-23'),(378,'London Heathrow',16,'2025-10-25'),(379,'London Heathrow',16,'2025-11-17'),(380,'London Heathrow',16,'2025-11-23'),(381,'London Heathrow',16,'2025-11-23'),(382,'London Heathrow',16,'2025-12-12'),(383,'London Heathrow',16,'2025-12-23'),(384,'London Heathrow',16,'2025-12-24'),(385,'London Heathrow',17,'2025-05-27'),(386,'London Heathrow',17,'2025-05-12'),(387,'London Heathrow',17,'2025-05-21'),(388,'London Heathrow',17,'2025-06-14'),(389,'London Heathrow',17,'2025-06-09'),(390,'London Heathrow',17,'2025-06-08'),(391,'London Heathrow',17,'2025-07-03'),(392,'London Heathrow',17,'2025-07-24'),(393,'London Heathrow',17,'2025-07-16'),(394,'London Heathrow',17,'2025-08-24'),(395,'London Heathrow',17,'2025-08-08'),(396,'London Heathrow',17,'2025-08-15'),(397,'London Heathrow',17,'2025-09-19'),(398,'London Heathrow',17,'2025-09-18'),(399,'London Heathrow',17,'2025-09-17'),(400,'London Heathrow',17,'2025-10-21'),(401,'London Heathrow',17,'2025-10-14'),(402,'London Heathrow',17,'2025-10-05'),(403,'London Heathrow',17,'2025-11-26'),(404,'London Heathrow',17,'2025-11-27'),(405,'London Heathrow',17,'2025-11-01'),(406,'London Heathrow',17,'2025-12-04'),(407,'London Heathrow',17,'2025-12-05'),(408,'London Heathrow',17,'2025-12-11'),(409,'London Heathrow',18,'2025-05-07'),(410,'London Heathrow',18,'2025-05-19'),(411,'London Heathrow',18,'2025-05-07'),(412,'London Heathrow',18,'2025-06-11'),(413,'London Heathrow',18,'2025-06-04'),(414,'London Heathrow',18,'2025-06-28'),(415,'London Heathrow',18,'2025-07-22'),(416,'London Heathrow',18,'2025-07-05'),(417,'London Heathrow',18,'2025-07-23'),(418,'London Heathrow',18,'2025-08-20'),(419,'London Heathrow',18,'2025-08-05'),(420,'London Heathrow',18,'2025-08-16'),(421,'London Heathrow',18,'2025-09-28'),(422,'London Heathrow',18,'2025-09-02'),(423,'London Heathrow',18,'2025-09-22'),(424,'London Heathrow',18,'2025-10-11'),(425,'London Heathrow',18,'2025-10-14'),(426,'London Heathrow',18,'2025-10-26'),(427,'London Heathrow',18,'2025-11-08'),(428,'London Heathrow',18,'2025-11-16'),(429,'London Heathrow',18,'2025-11-21'),(430,'London Heathrow',18,'2025-12-17'),(431,'London Heathrow',18,'2025-12-06'),(432,'London Heathrow',18,'2025-12-04'),(433,'London Heathrow',19,'2025-05-14'),(434,'London Heathrow',19,'2025-05-17'),(435,'London Heathrow',19,'2025-05-09'),(436,'London Heathrow',19,'2025-06-10'),(437,'London Heathrow',19,'2025-06-27'),(438,'London Heathrow',19,'2025-06-17'),(439,'London Heathrow',19,'2025-07-20'),(440,'London Heathrow',19,'2025-07-23'),(441,'London Heathrow',19,'2025-07-16'),(442,'London Heathrow',19,'2025-08-17'),(443,'London Heathrow',19,'2025-08-23'),(444,'London Heathrow',19,'2025-08-08'),(445,'London Heathrow',19,'2025-09-02'),(446,'London Heathrow',19,'2025-09-12'),(447,'London Heathrow',19,'2025-09-21'),(448,'London Heathrow',19,'2025-10-05'),(449,'London Heathrow',19,'2025-10-02'),(450,'London Heathrow',19,'2025-10-27'),(451,'London Heathrow',19,'2025-11-13'),(452,'London Heathrow',19,'2025-11-11'),(453,'London Heathrow',19,'2025-11-17'),(454,'London Heathrow',19,'2025-12-11'),(455,'London Heathrow',19,'2025-12-06'),(456,'London Heathrow',19,'2025-12-03'),(457,'London Heathrow',20,'2025-05-16'),(458,'London Heathrow',20,'2025-05-22'),(459,'London Heathrow',20,'2025-05-08'),(460,'London Heathrow',20,'2025-06-23'),(461,'London Heathrow',20,'2025-06-25'),(462,'London Heathrow',20,'2025-06-04'),(463,'London Heathrow',20,'2025-07-20'),(464,'London Heathrow',20,'2025-07-07'),(465,'London Heathrow',20,'2025-07-11'),(466,'London Heathrow',20,'2025-08-05'),(467,'London Heathrow',20,'2025-08-19'),(468,'London Heathrow',20,'2025-08-08'),(469,'London Heathrow',20,'2025-09-19'),(470,'London Heathrow',20,'2025-09-08'),(471,'London Heathrow',20,'2025-09-17'),(472,'London Heathrow',20,'2025-10-21'),(473,'London Heathrow',20,'2025-10-16'),(474,'London Heathrow',20,'2025-10-12'),(475,'London Heathrow',20,'2025-11-14'),(476,'London Heathrow',20,'2025-11-18'),(477,'London Heathrow',20,'2025-11-27'),(478,'London Heathrow',20,'2025-12-24'),(479,'London Heathrow',20,'2025-12-14'),(480,'London Heathrow',20,'2025-12-07'),(481,'London Heathrow',21,'2025-05-13'),(482,'London Heathrow',21,'2025-05-21'),(483,'London Heathrow',21,'2025-05-19'),(484,'London Heathrow',21,'2025-06-24'),(485,'London Heathrow',21,'2025-06-05'),(486,'London Heathrow',21,'2025-06-08'),(487,'London Heathrow',21,'2025-07-24'),(488,'London Heathrow',21,'2025-07-16'),(489,'London Heathrow',21,'2025-07-01'),(490,'London Heathrow',21,'2025-08-21'),(491,'London Heathrow',21,'2025-08-13'),(492,'London Heathrow',21,'2025-08-26'),(493,'London Heathrow',21,'2025-09-05'),(494,'London Heathrow',21,'2025-09-17'),(495,'London Heathrow',21,'2025-09-10'),(496,'London Heathrow',21,'2025-10-13'),(497,'London Heathrow',21,'2025-10-17'),(498,'London Heathrow',21,'2025-10-28'),(499,'London Heathrow',21,'2025-11-10'),(500,'London Heathrow',21,'2025-11-27'),(501,'London Heathrow',21,'2025-11-09'),(502,'London Heathrow',21,'2025-12-16'),(503,'London Heathrow',21,'2025-12-24'),(504,'London Heathrow',21,'2025-12-27'),(505,'London Heathrow',22,'2025-05-06'),(506,'London Heathrow',22,'2025-05-04'),(507,'London Heathrow',22,'2025-05-11'),(508,'London Heathrow',22,'2025-06-28'),(509,'London Heathrow',22,'2025-06-26'),(510,'London Heathrow',22,'2025-06-11'),(511,'London Heathrow',22,'2025-07-06'),(512,'London Heathrow',22,'2025-07-20'),(513,'London Heathrow',22,'2025-07-21'),(514,'London Heathrow',22,'2025-08-19'),(515,'London Heathrow',22,'2025-08-21'),(516,'London Heathrow',22,'2025-08-19'),(517,'London Heathrow',22,'2025-09-15'),(518,'London Heathrow',22,'2025-09-06'),(519,'London Heathrow',22,'2025-09-10'),(520,'London Heathrow',22,'2025-10-06'),(521,'London Heathrow',22,'2025-10-21'),(522,'London Heathrow',22,'2025-10-07'),(523,'London Heathrow',22,'2025-11-28'),(524,'London Heathrow',22,'2025-11-15'),(525,'London Heathrow',22,'2025-11-25'),(526,'London Heathrow',22,'2025-12-07'),(527,'London Heathrow',22,'2025-12-11'),(528,'London Heathrow',22,'2025-12-07'),(529,'London Heathrow',23,'2025-05-07'),(530,'London Heathrow',23,'2025-05-10'),(531,'London Heathrow',23,'2025-05-24'),(532,'London Heathrow',23,'2025-06-05'),(533,'London Heathrow',23,'2025-06-17'),(534,'London Heathrow',23,'2025-06-12'),(535,'London Heathrow',23,'2025-07-08'),(536,'London Heathrow',23,'2025-07-20'),(537,'London Heathrow',23,'2025-07-06'),(538,'London Heathrow',23,'2025-08-03'),(539,'London Heathrow',23,'2025-08-02'),(540,'London Heathrow',23,'2025-08-06'),(541,'London Heathrow',23,'2025-09-27'),(542,'London Heathrow',23,'2025-09-18'),(543,'London Heathrow',23,'2025-09-24'),(544,'London Heathrow',23,'2025-10-23'),(545,'London Heathrow',23,'2025-10-20'),(546,'London Heathrow',23,'2025-10-21'),(547,'London Heathrow',23,'2025-11-07'),(548,'London Heathrow',23,'2025-11-23'),(549,'London Heathrow',23,'2025-11-25'),(550,'London Heathrow',23,'2025-12-12'),(551,'London Heathrow',23,'2025-12-07'),(552,'London Heathrow',23,'2025-12-18'),(553,'London Heathrow',24,'2025-05-02'),(554,'London Heathrow',24,'2025-05-02'),(555,'London Heathrow',24,'2025-05-09'),(556,'London Heathrow',24,'2025-06-20'),(557,'London Heathrow',24,'2025-06-14'),(558,'London Heathrow',24,'2025-06-05'),(559,'London Heathrow',24,'2025-07-07'),(560,'London Heathrow',24,'2025-07-21'),(561,'London Heathrow',24,'2025-07-20'),(562,'London Heathrow',24,'2025-08-25'),(563,'London Heathrow',24,'2025-08-03'),(564,'London Heathrow',24,'2025-08-08'),(565,'London Heathrow',24,'2025-09-28'),(566,'London Heathrow',24,'2025-09-08'),(567,'London Heathrow',24,'2025-09-26'),(568,'London Heathrow',24,'2025-10-20'),(569,'London Heathrow',24,'2025-10-21'),(570,'London Heathrow',24,'2025-10-19'),(571,'London Heathrow',24,'2025-11-06'),(572,'London Heathrow',24,'2025-11-28'),(573,'London Heathrow',24,'2025-11-01'),(574,'London Heathrow',24,'2025-12-07'),(575,'London Heathrow',24,'2025-12-08'),(576,'London Heathrow',24,'2025-12-25'),(577,'London Heathrow',25,'2025-05-12'),(578,'London Heathrow',25,'2025-05-08'),(579,'London Heathrow',25,'2025-05-13'),(580,'London Heathrow',25,'2025-06-25'),(581,'London Heathrow',25,'2025-06-03'),(582,'London Heathrow',25,'2025-06-04'),(583,'London Heathrow',25,'2025-07-08'),(584,'London Heathrow',25,'2025-07-16'),(585,'London Heathrow',25,'2025-07-08'),(586,'London Heathrow',25,'2025-08-17'),(587,'London Heathrow',25,'2025-08-08'),(588,'London Heathrow',25,'2025-08-18'),(589,'London Heathrow',25,'2025-09-28'),(590,'London Heathrow',25,'2025-09-17'),(591,'London Heathrow',25,'2025-09-07'),(592,'London Heathrow',25,'2025-10-07'),(593,'London Heathrow',25,'2025-10-14'),(594,'London Heathrow',25,'2025-10-28'),(595,'London Heathrow',25,'2025-11-06'),(596,'London Heathrow',25,'2025-11-24'),(597,'London Heathrow',25,'2025-11-26'),(598,'London Heathrow',25,'2025-12-04'),(599,'London Heathrow',25,'2025-12-01'),(600,'London Heathrow',25,'2025-12-24'),(601,'London Heathrow',26,'2025-05-21'),(602,'London Heathrow',26,'2025-05-10'),(603,'London Heathrow',26,'2025-05-28'),(604,'London Heathrow',26,'2025-06-22'),(605,'London Heathrow',26,'2025-06-20'),(606,'London Heathrow',26,'2025-06-08'),(607,'London Heathrow',26,'2025-07-07'),(608,'London Heathrow',26,'2025-07-26'),(609,'London Heathrow',26,'2025-07-22'),(610,'London Heathrow',26,'2025-08-23'),(611,'London Heathrow',26,'2025-08-17'),(612,'London Heathrow',26,'2025-08-02'),(613,'London Heathrow',26,'2025-09-27'),(614,'London Heathrow',26,'2025-09-16'),(615,'London Heathrow',26,'2025-09-04'),(616,'London Heathrow',26,'2025-10-23'),(617,'London Heathrow',26,'2025-10-11'),(618,'London Heathrow',26,'2025-10-21'),(619,'London Heathrow',26,'2025-11-23'),(620,'London Heathrow',26,'2025-11-16'),(621,'London Heathrow',26,'2025-11-28'),(622,'London Heathrow',26,'2025-12-27'),(623,'London Heathrow',26,'2025-12-12'),(624,'London Heathrow',26,'2025-12-27'),(625,'London Heathrow',27,'2025-05-06'),(626,'London Heathrow',27,'2025-05-15'),(627,'London Heathrow',27,'2025-05-17'),(628,'London Heathrow',27,'2025-06-22'),(629,'London Heathrow',27,'2025-06-04'),(630,'London Heathrow',27,'2025-06-03'),(631,'London Heathrow',27,'2025-07-03'),(632,'London Heathrow',27,'2025-07-21'),(633,'London Heathrow',27,'2025-07-28'),(634,'London Heathrow',27,'2025-08-04'),(635,'London Heathrow',27,'2025-08-04'),(636,'London Heathrow',27,'2025-08-15'),(637,'London Heathrow',27,'2025-09-19'),(638,'London Heathrow',27,'2025-09-10'),(639,'London Heathrow',27,'2025-09-09'),(640,'London Heathrow',27,'2025-10-21'),(641,'London Heathrow',27,'2025-10-17'),(642,'London Heathrow',27,'2025-10-15'),(643,'London Heathrow',27,'2025-11-09'),(644,'London Heathrow',27,'2025-11-19'),(645,'London Heathrow',27,'2025-11-15'),(646,'London Heathrow',27,'2025-12-06'),(647,'London Heathrow',27,'2025-12-17'),(648,'London Heathrow',27,'2025-12-25'),(649,'London Heathrow',28,'2025-05-05'),(650,'London Heathrow',28,'2025-05-09'),(651,'London Heathrow',28,'2025-05-15'),(652,'London Heathrow',28,'2025-06-27'),(653,'London Heathrow',28,'2025-06-22'),(654,'London Heathrow',28,'2025-06-15'),(655,'London Heathrow',28,'2025-07-04'),(656,'London Heathrow',28,'2025-07-23'),(657,'London Heathrow',28,'2025-07-18'),(658,'London Heathrow',28,'2025-08-06'),(659,'London Heathrow',28,'2025-08-06'),(660,'London Heathrow',28,'2025-08-11'),(661,'London Heathrow',28,'2025-09-25'),(662,'London Heathrow',28,'2025-09-02'),(663,'London Heathrow',28,'2025-09-28'),(664,'London Heathrow',28,'2025-10-15'),(665,'London Heathrow',28,'2025-10-01'),(666,'London Heathrow',28,'2025-10-06'),(667,'London Heathrow',28,'2025-11-02'),(668,'London Heathrow',28,'2025-11-08'),(669,'London Heathrow',28,'2025-11-16'),(670,'London Heathrow',28,'2025-12-18'),(671,'London Heathrow',28,'2025-12-20'),(672,'London Heathrow',28,'2025-12-04'),(673,'London Heathrow',29,'2025-05-15'),(674,'London Heathrow',29,'2025-05-26'),(675,'London Heathrow',29,'2025-05-06'),(676,'London Heathrow',29,'2025-06-17'),(677,'London Heathrow',29,'2025-06-17'),(678,'London Heathrow',29,'2025-06-24'),(679,'London Heathrow',29,'2025-07-21'),(680,'London Heathrow',29,'2025-07-11'),(681,'London Heathrow',29,'2025-07-06'),(682,'London Heathrow',29,'2025-08-09'),(683,'London Heathrow',29,'2025-08-25'),(684,'London Heathrow',29,'2025-08-09'),(685,'London Heathrow',29,'2025-09-05'),(686,'London Heathrow',29,'2025-09-04'),(687,'London Heathrow',29,'2025-09-12'),(688,'London Heathrow',29,'2025-10-21'),(689,'London Heathrow',29,'2025-10-07'),(690,'London Heathrow',29,'2025-10-12'),(691,'London Heathrow',29,'2025-11-10'),(692,'London Heathrow',29,'2025-11-03'),(693,'London Heathrow',29,'2025-11-25'),(694,'London Heathrow',29,'2025-12-28'),(695,'London Heathrow',29,'2025-12-06'),(696,'London Heathrow',29,'2025-12-17'),(697,'London Heathrow',30,'2025-05-23'),(698,'London Heathrow',30,'2025-05-15'),(699,'London Heathrow',30,'2025-05-19'),(700,'London Heathrow',30,'2025-06-28'),(701,'London Heathrow',30,'2025-06-14'),(702,'London Heathrow',30,'2025-06-17'),(703,'London Heathrow',30,'2025-07-14'),(704,'London Heathrow',30,'2025-07-17'),(705,'London Heathrow',30,'2025-07-22'),(706,'London Heathrow',30,'2025-08-16'),(707,'London Heathrow',30,'2025-08-11'),(708,'London Heathrow',30,'2025-08-15'),(709,'London Heathrow',30,'2025-09-05'),(710,'London Heathrow',30,'2025-09-23'),(711,'London Heathrow',30,'2025-09-01'),(712,'London Heathrow',30,'2025-10-05'),(713,'London Heathrow',30,'2025-10-25'),(714,'London Heathrow',30,'2025-10-04'),(715,'London Heathrow',30,'2025-11-22'),(716,'London Heathrow',30,'2025-11-07'),(717,'London Heathrow',30,'2025-11-10'),(718,'London Heathrow',30,'2025-12-28'),(719,'London Heathrow',30,'2025-12-26'),(720,'London Heathrow',30,'2025-12-26'),(721,'London Heathrow',31,'2025-05-07'),(722,'London Heathrow',31,'2025-05-03'),(723,'London Heathrow',31,'2025-05-19'),(724,'London Heathrow',31,'2025-06-24'),(725,'London Heathrow',31,'2025-06-24'),(726,'London Heathrow',31,'2025-06-27'),(727,'London Heathrow',31,'2025-07-25'),(728,'London Heathrow',31,'2025-07-14'),(729,'London Heathrow',31,'2025-07-20'),(730,'London Heathrow',31,'2025-08-04'),(731,'London Heathrow',31,'2025-08-21'),(732,'London Heathrow',31,'2025-08-19'),(733,'London Heathrow',31,'2025-09-09'),(734,'London Heathrow',31,'2025-09-24'),(735,'London Heathrow',31,'2025-09-23'),(736,'London Heathrow',31,'2025-10-06'),(737,'London Heathrow',31,'2025-10-16'),(738,'London Heathrow',31,'2025-10-14'),(739,'London Heathrow',31,'2025-11-02'),(740,'London Heathrow',31,'2025-11-06'),(741,'London Heathrow',31,'2025-11-01'),(742,'London Heathrow',31,'2025-12-25'),(743,'London Heathrow',31,'2025-12-03'),(744,'London Heathrow',31,'2025-12-25'),(745,'London Heathrow',32,'2025-05-04'),(746,'London Heathrow',32,'2025-05-24'),(747,'London Heathrow',32,'2025-05-28'),(748,'London Heathrow',32,'2025-06-09'),(749,'London Heathrow',32,'2025-06-01'),(750,'London Heathrow',32,'2025-06-18'),(751,'London Heathrow',32,'2025-07-27'),(752,'London Heathrow',32,'2025-07-15'),(753,'London Heathrow',32,'2025-07-25'),(754,'London Heathrow',32,'2025-08-27'),(755,'London Heathrow',32,'2025-08-16'),(756,'London Heathrow',32,'2025-08-14'),(757,'London Heathrow',32,'2025-09-09'),(758,'London Heathrow',32,'2025-09-27'),(759,'London Heathrow',32,'2025-09-04'),(760,'London Heathrow',32,'2025-10-21'),(761,'London Heathrow',32,'2025-10-04'),(762,'London Heathrow',32,'2025-10-05'),(763,'London Heathrow',32,'2025-11-10'),(764,'London Heathrow',32,'2025-11-26'),(765,'London Heathrow',32,'2025-11-08'),(766,'London Heathrow',32,'2025-12-23'),(767,'London Heathrow',32,'2025-12-19'),(768,'London Heathrow',32,'2025-12-27'),(769,'London Heathrow',33,'2025-05-17'),(770,'London Heathrow',33,'2025-05-13'),(771,'London Heathrow',33,'2025-05-27'),(772,'London Heathrow',33,'2025-06-13'),(773,'London Heathrow',33,'2025-06-15'),(774,'London Heathrow',33,'2025-06-13'),(775,'London Heathrow',33,'2025-07-15'),(776,'London Heathrow',33,'2025-07-19'),(777,'London Heathrow',33,'2025-07-25'),(778,'London Heathrow',33,'2025-08-10'),(779,'London Heathrow',33,'2025-08-11'),(780,'London Heathrow',33,'2025-08-14'),(781,'London Heathrow',33,'2025-09-26'),(782,'London Heathrow',33,'2025-09-22'),(783,'London Heathrow',33,'2025-09-09'),(784,'London Heathrow',33,'2025-10-14'),(785,'London Heathrow',33,'2025-10-15'),(786,'London Heathrow',33,'2025-10-14'),(787,'London Heathrow',33,'2025-11-15'),(788,'London Heathrow',33,'2025-11-10'),(789,'London Heathrow',33,'2025-11-28'),(790,'London Heathrow',33,'2025-12-04'),(791,'London Heathrow',33,'2025-12-19'),(792,'London Heathrow',33,'2025-12-08'),(793,'London Heathrow',34,'2025-05-13'),(794,'London Heathrow',34,'2025-05-03'),(795,'London Heathrow',34,'2025-05-21'),(796,'London Heathrow',34,'2025-06-15'),(797,'London Heathrow',34,'2025-06-02'),(798,'London Heathrow',34,'2025-06-07'),(799,'London Heathrow',34,'2025-07-24'),(800,'London Heathrow',34,'2025-07-14'),(801,'London Heathrow',34,'2025-07-13'),(802,'London Heathrow',34,'2025-08-05'),(803,'London Heathrow',34,'2025-08-04'),(804,'London Heathrow',34,'2025-08-24'),(805,'London Heathrow',34,'2025-09-09'),(806,'London Heathrow',34,'2025-09-22'),(807,'London Heathrow',34,'2025-09-24'),(808,'London Heathrow',34,'2025-10-09'),(809,'London Heathrow',34,'2025-10-14'),(810,'London Heathrow',34,'2025-10-25'),(811,'London Heathrow',34,'2025-11-28'),(812,'London Heathrow',34,'2025-11-10'),(813,'London Heathrow',34,'2025-11-02'),(814,'London Heathrow',34,'2025-12-23'),(815,'London Heathrow',34,'2025-12-09'),(816,'London Heathrow',34,'2025-12-17'),(817,'London Heathrow',35,'2025-05-07'),(818,'London Heathrow',35,'2025-05-02'),(819,'London Heathrow',35,'2025-05-14'),(820,'London Heathrow',35,'2025-06-19'),(821,'London Heathrow',35,'2025-06-05'),(822,'London Heathrow',35,'2025-06-15'),(823,'London Heathrow',35,'2025-07-22'),(824,'London Heathrow',35,'2025-07-21'),(825,'London Heathrow',35,'2025-07-06'),(826,'London Heathrow',35,'2025-08-08'),(827,'London Heathrow',35,'2025-08-01'),(828,'London Heathrow',35,'2025-08-14'),(829,'London Heathrow',35,'2025-09-20'),(830,'London Heathrow',35,'2025-09-04'),(831,'London Heathrow',35,'2025-09-04'),(832,'London Heathrow',35,'2025-10-15'),(833,'London Heathrow',35,'2025-10-24'),(834,'London Heathrow',35,'2025-10-21'),(835,'London Heathrow',35,'2025-11-06'),(836,'London Heathrow',35,'2025-11-12'),(837,'London Heathrow',35,'2025-11-02'),(838,'London Heathrow',35,'2025-12-18'),(839,'London Heathrow',35,'2025-12-23'),(840,'London Heathrow',35,'2025-12-03'),(841,'London Heathrow',36,'2025-05-17'),(842,'London Heathrow',36,'2025-05-01'),(843,'London Heathrow',36,'2025-05-05'),(844,'London Heathrow',36,'2025-06-15'),(845,'London Heathrow',36,'2025-06-22'),(846,'London Heathrow',36,'2025-06-19'),(847,'London Heathrow',36,'2025-07-03'),(848,'London Heathrow',36,'2025-07-27'),(849,'London Heathrow',36,'2025-07-13'),(850,'London Heathrow',36,'2025-08-18'),(851,'London Heathrow',36,'2025-08-03'),(852,'London Heathrow',36,'2025-08-01'),(853,'London Heathrow',36,'2025-09-11'),(854,'London Heathrow',36,'2025-09-13'),(855,'London Heathrow',36,'2025-09-17'),(856,'London Heathrow',36,'2025-10-27'),(857,'London Heathrow',36,'2025-10-26'),(858,'London Heathrow',36,'2025-10-27'),(859,'London Heathrow',36,'2025-11-11'),(860,'London Heathrow',36,'2025-11-17'),(861,'London Heathrow',36,'2025-11-27'),(862,'London Heathrow',36,'2025-12-17'),(863,'London Heathrow',36,'2025-12-27'),(864,'London Heathrow',36,'2025-12-16'),(865,'London Heathrow',37,'2025-05-21'),(866,'London Heathrow',37,'2025-05-11'),(867,'London Heathrow',37,'2025-05-14'),(868,'London Heathrow',37,'2025-06-26'),(869,'London Heathrow',37,'2025-06-12'),(870,'London Heathrow',37,'2025-06-15'),(871,'London Heathrow',37,'2025-07-03'),(872,'London Heathrow',37,'2025-07-09'),(873,'London Heathrow',37,'2025-07-10'),(874,'London Heathrow',37,'2025-08-05'),(875,'London Heathrow',37,'2025-08-12'),(876,'London Heathrow',37,'2025-08-06'),(877,'London Heathrow',37,'2025-09-14'),(878,'London Heathrow',37,'2025-09-27'),(879,'London Heathrow',37,'2025-09-24'),(880,'London Heathrow',37,'2025-10-04'),(881,'London Heathrow',37,'2025-10-13'),(882,'London Heathrow',37,'2025-10-16'),(883,'London Heathrow',37,'2025-11-14'),(884,'London Heathrow',37,'2025-11-03'),(885,'London Heathrow',37,'2025-11-16'),(886,'London Heathrow',37,'2025-12-17'),(887,'London Heathrow',37,'2025-12-28'),(888,'London Heathrow',37,'2025-12-28'),(889,'London Heathrow',38,'2025-05-21'),(890,'London Heathrow',38,'2025-05-12'),(891,'London Heathrow',38,'2025-05-13'),(892,'London Heathrow',38,'2025-06-14'),(893,'London Heathrow',38,'2025-06-26'),(894,'London Heathrow',38,'2025-06-19'),(895,'London Heathrow',38,'2025-07-08'),(896,'London Heathrow',38,'2025-07-10'),(897,'London Heathrow',38,'2025-07-12'),(898,'London Heathrow',38,'2025-08-15'),(899,'London Heathrow',38,'2025-08-02'),(900,'London Heathrow',38,'2025-08-13'),(901,'London Heathrow',38,'2025-09-25'),(902,'London Heathrow',38,'2025-09-07'),(903,'London Heathrow',38,'2025-09-23'),(904,'London Heathrow',38,'2025-10-17'),(905,'London Heathrow',38,'2025-10-07'),(906,'London Heathrow',38,'2025-10-09'),(907,'London Heathrow',38,'2025-11-03'),(908,'London Heathrow',38,'2025-11-05'),(909,'London Heathrow',38,'2025-11-24'),(910,'London Heathrow',38,'2025-12-01'),(911,'London Heathrow',38,'2025-12-18'),(912,'London Heathrow',38,'2025-12-15'),(913,'London Heathrow',39,'2025-05-15'),(914,'London Heathrow',39,'2025-05-04'),(915,'London Heathrow',39,'2025-05-15'),(916,'London Heathrow',39,'2025-06-13'),(917,'London Heathrow',39,'2025-06-01'),(918,'London Heathrow',39,'2025-06-02'),(919,'London Heathrow',39,'2025-07-07'),(920,'London Heathrow',39,'2025-07-26'),(921,'London Heathrow',39,'2025-07-18'),(922,'London Heathrow',39,'2025-08-21'),(923,'London Heathrow',39,'2025-08-05'),(924,'London Heathrow',39,'2025-08-23'),(925,'London Heathrow',39,'2025-09-06'),(926,'London Heathrow',39,'2025-09-24'),(927,'London Heathrow',39,'2025-09-28'),(928,'London Heathrow',39,'2025-10-27'),(929,'London Heathrow',39,'2025-10-06'),(930,'London Heathrow',39,'2025-10-25'),(931,'London Heathrow',39,'2025-11-16'),(932,'London Heathrow',39,'2025-11-03'),(933,'London Heathrow',39,'2025-11-20'),(934,'London Heathrow',39,'2025-12-15'),(935,'London Heathrow',39,'2025-12-03'),(936,'London Heathrow',39,'2025-12-18'),(937,'London Heathrow',40,'2025-05-10'),(938,'London Heathrow',40,'2025-05-26'),(939,'London Heathrow',40,'2025-05-21'),(940,'London Heathrow',40,'2025-06-14'),(941,'London Heathrow',40,'2025-06-17'),(942,'London Heathrow',40,'2025-06-04'),(943,'London Heathrow',40,'2025-07-18'),(944,'London Heathrow',40,'2025-07-26'),(945,'London Heathrow',40,'2025-07-19'),(946,'London Heathrow',40,'2025-08-15'),(947,'London Heathrow',40,'2025-08-23'),(948,'London Heathrow',40,'2025-08-25'),(949,'London Heathrow',40,'2025-09-02'),(950,'London Heathrow',40,'2025-09-24'),(951,'London Heathrow',40,'2025-09-05'),(952,'London Heathrow',40,'2025-10-07'),(953,'London Heathrow',40,'2025-10-02'),(954,'London Heathrow',40,'2025-10-21'),(955,'London Heathrow',40,'2025-11-25'),(956,'London Heathrow',40,'2025-11-08'),(957,'London Heathrow',40,'2025-11-01'),(958,'London Heathrow',40,'2025-12-19'),(959,'London Heathrow',40,'2025-12-09'),(960,'London Heathrow',40,'2025-12-16'),(961,'London Heathrow',41,'2025-05-19'),(962,'London Heathrow',41,'2025-05-03'),(963,'London Heathrow',41,'2025-05-27'),(964,'London Heathrow',41,'2025-06-06'),(965,'London Heathrow',41,'2025-06-12'),(966,'London Heathrow',41,'2025-06-14'),(967,'London Heathrow',41,'2025-07-27'),(968,'London Heathrow',41,'2025-07-12'),(969,'London Heathrow',41,'2025-07-10'),(970,'London Heathrow',41,'2025-08-11'),(971,'London Heathrow',41,'2025-08-23'),(972,'London Heathrow',41,'2025-08-21'),(973,'London Heathrow',41,'2025-09-27'),(974,'London Heathrow',41,'2025-09-06'),(975,'London Heathrow',41,'2025-09-04'),(976,'London Heathrow',41,'2025-10-15'),(977,'London Heathrow',41,'2025-10-15'),(978,'London Heathrow',41,'2025-10-28'),(979,'London Heathrow',41,'2025-11-05'),(980,'London Heathrow',41,'2025-11-02'),(981,'London Heathrow',41,'2025-11-09'),(982,'London Heathrow',41,'2025-12-10'),(983,'London Heathrow',41,'2025-12-28'),(984,'London Heathrow',41,'2025-12-25'),(985,'London Heathrow',42,'2025-05-05'),(986,'London Heathrow',42,'2025-05-24'),(987,'London Heathrow',42,'2025-05-15'),(988,'London Heathrow',42,'2025-06-27'),(989,'London Heathrow',42,'2025-06-07'),(990,'London Heathrow',42,'2025-06-10'),(991,'London Heathrow',42,'2025-07-21'),(992,'London Heathrow',42,'2025-07-23'),(993,'London Heathrow',42,'2025-07-04'),(994,'London Heathrow',42,'2025-08-07'),(995,'London Heathrow',42,'2025-08-07'),(996,'London Heathrow',42,'2025-08-13'),(997,'London Heathrow',42,'2025-09-28'),(998,'London Heathrow',42,'2025-09-21'),(999,'London Heathrow',42,'2025-09-22'),(1000,'London Heathrow',42,'2025-10-14'),(1001,'London Heathrow',42,'2025-10-18'),(1002,'London Heathrow',42,'2025-10-08'),(1003,'London Heathrow',42,'2025-11-26'),(1004,'London Heathrow',42,'2025-11-10'),(1005,'London Heathrow',42,'2025-11-19'),(1006,'London Heathrow',42,'2025-12-01'),(1007,'London Heathrow',42,'2025-12-26'),(1008,'London Heathrow',42,'2025-12-15'),(1009,'London Heathrow',43,'2025-05-19'),(1010,'London Heathrow',43,'2025-05-27'),(1011,'London Heathrow',43,'2025-05-24'),(1012,'London Heathrow',43,'2025-06-01'),(1013,'London Heathrow',43,'2025-06-12'),(1014,'London Heathrow',43,'2025-06-12'),(1015,'London Heathrow',43,'2025-07-16'),(1016,'London Heathrow',43,'2025-07-01'),(1017,'London Heathrow',43,'2025-07-14'),(1018,'London Heathrow',43,'2025-08-17'),(1019,'London Heathrow',43,'2025-08-12'),(1020,'London Heathrow',43,'2025-08-22'),(1021,'London Heathrow',43,'2025-09-03'),(1022,'London Heathrow',43,'2025-09-09'),(1023,'London Heathrow',43,'2025-09-17'),(1024,'London Heathrow',43,'2025-10-10'),(1025,'London Heathrow',43,'2025-10-23'),(1026,'London Heathrow',43,'2025-10-23'),(1027,'London Heathrow',43,'2025-11-16'),(1028,'London Heathrow',43,'2025-11-16'),(1029,'London Heathrow',43,'2025-11-13'),(1030,'London Heathrow',43,'2025-12-03'),(1031,'London Heathrow',43,'2025-12-19'),(1032,'London Heathrow',43,'2025-12-06'),(1033,'London Heathrow',44,'2025-05-03'),(1034,'London Heathrow',44,'2025-05-08'),(1035,'London Heathrow',44,'2025-05-24'),(1036,'London Heathrow',44,'2025-06-08'),(1037,'London Heathrow',44,'2025-06-08'),(1038,'London Heathrow',44,'2025-06-14'),(1039,'London Heathrow',44,'2025-07-23'),(1040,'London Heathrow',44,'2025-07-12'),(1041,'London Heathrow',44,'2025-07-21'),(1042,'London Heathrow',44,'2025-08-21'),(1043,'London Heathrow',44,'2025-08-02'),(1044,'London Heathrow',44,'2025-08-19'),(1045,'London Heathrow',44,'2025-09-22'),(1046,'London Heathrow',44,'2025-09-23'),(1047,'London Heathrow',44,'2025-09-22'),(1048,'London Heathrow',44,'2025-10-17'),(1049,'London Heathrow',44,'2025-10-08'),(1050,'London Heathrow',44,'2025-10-22'),(1051,'London Heathrow',44,'2025-11-09'),(1052,'London Heathrow',44,'2025-11-04'),(1053,'London Heathrow',44,'2025-11-05'),(1054,'London Heathrow',44,'2025-12-19'),(1055,'London Heathrow',44,'2025-12-02'),(1056,'London Heathrow',44,'2025-12-10'),(1057,'London Heathrow',45,'2025-05-10'),(1058,'London Heathrow',45,'2025-05-15'),(1059,'London Heathrow',45,'2025-05-09'),(1060,'London Heathrow',45,'2025-06-27'),(1061,'London Heathrow',45,'2025-06-13'),(1062,'London Heathrow',45,'2025-06-13'),(1063,'London Heathrow',45,'2025-07-13'),(1064,'London Heathrow',45,'2025-07-25'),(1065,'London Heathrow',45,'2025-07-10'),(1066,'London Heathrow',45,'2025-08-14'),(1067,'London Heathrow',45,'2025-08-03'),(1068,'London Heathrow',45,'2025-08-03'),(1069,'London Heathrow',45,'2025-09-27'),(1070,'London Heathrow',45,'2025-09-06'),(1071,'London Heathrow',45,'2025-09-17'),(1072,'London Heathrow',45,'2025-10-02'),(1073,'London Heathrow',45,'2025-10-17'),(1074,'London Heathrow',45,'2025-10-23'),(1075,'London Heathrow',45,'2025-11-15'),(1076,'London Heathrow',45,'2025-11-14'),(1077,'London Heathrow',45,'2025-11-17'),(1078,'London Heathrow',45,'2025-12-06'),(1079,'London Heathrow',45,'2025-12-16'),(1080,'London Heathrow',45,'2025-12-16'),(1081,'London Heathrow',46,'2025-05-21'),(1082,'London Heathrow',46,'2025-05-21'),(1083,'London Heathrow',46,'2025-05-08'),(1084,'London Heathrow',46,'2025-06-14'),(1085,'London Heathrow',46,'2025-06-13'),(1086,'London Heathrow',46,'2025-06-08'),(1087,'London Heathrow',46,'2025-07-20'),(1088,'London Heathrow',46,'2025-07-02'),(1089,'London Heathrow',46,'2025-07-28'),(1090,'London Heathrow',46,'2025-08-17'),(1091,'London Heathrow',46,'2025-08-02'),(1092,'London Heathrow',46,'2025-08-16'),(1093,'London Heathrow',46,'2025-09-07'),(1094,'London Heathrow',46,'2025-09-26'),(1095,'London Heathrow',46,'2025-09-14'),(1096,'London Heathrow',46,'2025-10-05'),(1097,'London Heathrow',46,'2025-10-04'),(1098,'London Heathrow',46,'2025-10-15'),(1099,'London Heathrow',46,'2025-11-14'),(1100,'London Heathrow',46,'2025-11-18'),(1101,'London Heathrow',46,'2025-11-15'),(1102,'London Heathrow',46,'2025-12-26'),(1103,'London Heathrow',46,'2025-12-12'),(1104,'London Heathrow',46,'2025-12-15'),(1105,'London Heathrow',47,'2025-05-23'),(1106,'London Heathrow',47,'2025-05-16'),(1107,'London Heathrow',47,'2025-05-28'),(1108,'London Heathrow',47,'2025-06-02'),(1109,'London Heathrow',47,'2025-06-26'),(1110,'London Heathrow',47,'2025-06-13'),(1111,'London Heathrow',47,'2025-07-26'),(1112,'London Heathrow',47,'2025-07-20'),(1113,'London Heathrow',47,'2025-07-26'),(1114,'London Heathrow',47,'2025-08-16'),(1115,'London Heathrow',47,'2025-08-18'),(1116,'London Heathrow',47,'2025-08-17'),(1117,'London Heathrow',47,'2025-09-07'),(1118,'London Heathrow',47,'2025-09-20'),(1119,'London Heathrow',47,'2025-09-18'),(1120,'London Heathrow',47,'2025-10-13'),(1121,'London Heathrow',47,'2025-10-02'),(1122,'London Heathrow',47,'2025-10-22'),(1123,'London Heathrow',47,'2025-11-18'),(1124,'London Heathrow',47,'2025-11-12'),(1125,'London Heathrow',47,'2025-11-07'),(1126,'London Heathrow',47,'2025-12-12'),(1127,'London Heathrow',47,'2025-12-05'),(1128,'London Heathrow',47,'2025-12-04'),(1129,'London Heathrow',48,'2025-05-08'),(1130,'London Heathrow',48,'2025-05-04'),(1131,'London Heathrow',48,'2025-05-19'),(1132,'London Heathrow',48,'2025-06-28'),(1133,'London Heathrow',48,'2025-06-17'),(1134,'London Heathrow',48,'2025-06-27'),(1135,'London Heathrow',48,'2025-07-07'),(1136,'London Heathrow',48,'2025-07-21'),(1137,'London Heathrow',48,'2025-07-28'),(1138,'London Heathrow',48,'2025-08-05'),(1139,'London Heathrow',48,'2025-08-12'),(1140,'London Heathrow',48,'2025-08-07'),(1141,'London Heathrow',48,'2025-09-13'),(1142,'London Heathrow',48,'2025-09-24'),(1143,'London Heathrow',48,'2025-09-28'),(1144,'London Heathrow',48,'2025-10-05'),(1145,'London Heathrow',48,'2025-10-22'),(1146,'London Heathrow',48,'2025-10-13'),(1147,'London Heathrow',48,'2025-11-01'),(1148,'London Heathrow',48,'2025-11-21'),(1149,'London Heathrow',48,'2025-11-15'),(1150,'London Heathrow',48,'2025-12-02'),(1151,'London Heathrow',48,'2025-12-18'),(1152,'London Heathrow',48,'2025-12-27'),(1153,'London Heathrow',49,'2025-05-16'),(1154,'London Heathrow',49,'2025-05-04'),(1155,'London Heathrow',49,'2025-05-08'),(1156,'London Heathrow',49,'2025-06-01'),(1157,'London Heathrow',49,'2025-06-13'),(1158,'London Heathrow',49,'2025-06-23'),(1159,'London Heathrow',49,'2025-07-15'),(1160,'London Heathrow',49,'2025-07-05'),(1161,'London Heathrow',49,'2025-07-10'),(1162,'London Heathrow',49,'2025-08-10'),(1163,'London Heathrow',49,'2025-08-10'),(1164,'London Heathrow',49,'2025-08-12'),(1165,'London Heathrow',49,'2025-09-27'),(1166,'London Heathrow',49,'2025-09-11'),(1167,'London Heathrow',49,'2025-09-16'),(1168,'London Heathrow',49,'2025-10-01'),(1169,'London Heathrow',49,'2025-10-15'),(1170,'London Heathrow',49,'2025-10-14'),(1171,'London Heathrow',49,'2025-11-18'),(1172,'London Heathrow',49,'2025-11-09'),(1173,'London Heathrow',49,'2025-11-19'),(1174,'London Heathrow',49,'2025-12-19'),(1175,'London Heathrow',49,'2025-12-24'),(1176,'London Heathrow',49,'2025-12-12'),(1177,'London Heathrow',50,'2025-05-11'),(1178,'London Heathrow',50,'2025-05-20'),(1179,'London Heathrow',50,'2025-05-17'),(1180,'London Heathrow',50,'2025-06-16'),(1181,'London Heathrow',50,'2025-06-06'),(1182,'London Heathrow',50,'2025-06-17'),(1183,'London Heathrow',50,'2025-07-12'),(1184,'London Heathrow',50,'2025-07-11'),(1185,'London Heathrow',50,'2025-07-23'),(1186,'London Heathrow',50,'2025-08-02'),(1187,'London Heathrow',50,'2025-08-21'),(1188,'London Heathrow',50,'2025-08-02'),(1189,'London Heathrow',50,'2025-09-28'),(1190,'London Heathrow',50,'2025-09-23'),(1191,'London Heathrow',50,'2025-09-18'),(1192,'London Heathrow',50,'2025-10-27'),(1193,'London Heathrow',50,'2025-10-27'),(1194,'London Heathrow',50,'2025-10-05'),(1195,'London Heathrow',50,'2025-11-06'),(1196,'London Heathrow',50,'2025-11-24'),(1197,'London Heathrow',50,'2025-11-11'),(1198,'London Heathrow',50,'2025-12-26'),(1199,'London Heathrow',50,'2025-12-01'),(1200,'London Heathrow',50,'2025-12-21');
/*!40000 ALTER TABLE `flights` ENABLE KEYS */;
UNLOCK TABLES;

--
-- Table structure for table `reservations`
--

DROP TABLE IF EXISTS `reservations`;
/*!40101 SET @saved_cs_client     = @@character_set_client */;
/*!50503 SET character_set_client = utf8mb4 */;
CREATE TABLE `reservations` (
  `reservation_id` int NOT NULL AUTO_INCREMENT,
  `user_id` int DEFAULT NULL,
  `flight_id` int NOT NULL,
  `booking_date` date NOT NULL,
  `status` enum('reserved','confirmed','cancelled') DEFAULT NULL,
  `total_price` decimal(10,2) NOT NULL,
  `number_of_passengers` tinyint NOT NULL DEFAULT '1',
  `seat_class` enum('economy','business','first') DEFAULT 'economy',
  `created_at` timestamp NULL DEFAULT CURRENT_TIMESTAMP,
  PRIMARY KEY (`reservation_id`),
  KEY `fk_reservation_user` (`user_id`),
  KEY `fk_reservation_flight` (`flight_id`),
  KEY `idx_flight_user` (`flight_id`,`user_id`),
  KEY `idx_status` (`status`),
  CONSTRAINT `fk_reservation_flight` FOREIGN KEY (`flight_id`) REFERENCES `flights` (`flight_id`) ON DELETE CASCADE,
  CONSTRAINT `fk_reservation_user` FOREIGN KEY (`user_id`) REFERENCES `users` (`user_id`) ON DELETE SET NULL ON UPDATE CASCADE,
  CONSTRAINT `chk_price_positive` CHECK ((`total_price` >= 0))
) ENGINE=InnoDB AUTO_INCREMENT=32 DEFAULT CHARSET=utf8mb4 COLLATE=utf8mb4_0900_ai_ci;
/*!40101 SET character_set_client = @saved_cs_client */;

--
-- Dumping data for table `reservations`
--

LOCK TABLES `reservations` WRITE;
/*!40000 ALTER TABLE `reservations` DISABLE KEYS */;
INSERT INTO `reservations` VALUES (6,1,16,'2025-05-16','cancelled',10200.00,2,'first','2025-05-16 00:50:43'),(7,1,253,'2025-05-16','confirmed',1200.00,2,'first','2025-05-16 00:59:37'),(8,1,489,'2025-05-16','confirmed',300.00,2,'economy','2025-05-16 01:06:23'),(9,1,268,'2025-05-16','confirmed',1299.00,1,'economy','2025-05-16 01:23:11'),(10,1,268,'2025-05-16','confirmed',1299.00,1,'economy','2025-05-16 01:23:26'),(11,NULL,101,'2025-05-16','confirmed',12000.00,3,'business','2025-05-16 01:31:18'),(12,7,416,'2025-05-16','confirmed',798.00,2,'economy','2025-05-16 01:38:33'),(13,10,63,'2025-05-16','confirmed',300.00,4,'economy','2025-05-16 02:13:45'),(15,10,298,'2025-05-16','confirmed',900.00,3,'business','2025-05-16 02:32:08'),(16,10,783,'2025-05-16','confirmed',1794.00,2,'first','2025-05-16 02:47:10'),(17,NULL,775,'2025-05-16','confirmed',1794.00,3,'business','2025-05-16 03:52:13'),(18,NULL,1043,'2025-05-16','confirmed',1099.00,1,'economy','2025-05-16 03:54:09'),(19,12,772,'2025-05-16','confirmed',1196.00,3,'first','2025-05-16 03:58:20'),(20,NULL,486,'2025-05-16','confirmed',450.00,3,'economy','2025-05-16 05:52:39'),(21,NULL,414,'2025-05-16','confirmed',1596.00,4,'economy','2025-05-16 05:56:37'),(22,3,496,'2025-05-16','confirmed',600.00,4,'business','2025-05-16 06:04:23'),(24,3,270,'2025-05-16','confirmed',1299.00,1,'economy','2025-05-16 06:14:21'),(25,3,54,'2025-05-16','confirmed',2700.00,3,'first','2025-05-16 06:23:44'),(26,3,270,'2025-05-16','confirmed',1299.00,1,'economy','2025-05-16 06:27:49'),(27,3,270,'2025-05-16','confirmed',1299.00,1,'economy','2025-05-16 06:28:02'),(28,3,270,'2025-05-16','confirmed',1299.00,1,'economy','2025-05-16 06:28:12'),(29,3,270,'2025-05-16','confirmed',1299.00,1,'economy','2025-05-16 06:28:18'),(30,3,270,'2025-05-16','confirmed',1299.00,1,'economy','2025-05-16 06:28:29'),(31,3,4,'2025-05-16','confirmed',13600.00,4,'business','2025-05-16 06:29:03');
/*!40000 ALTER TABLE `reservations` ENABLE KEYS */;
UNLOCK TABLES;

--
-- Table structure for table `users`
--

DROP TABLE IF EXISTS `users`;
/*!40101 SET @saved_cs_client     = @@character_set_client */;
/*!50503 SET character_set_client = utf8mb4 */;
CREATE TABLE `users` (
  `user_id` int NOT NULL AUTO_INCREMENT,
  `first_name` varchar(50) NOT NULL,
  `middle_name` varchar(50) DEFAULT NULL,
  `last_name` varchar(50) NOT NULL,
  `email` varchar(100) NOT NULL,
  `password_hash` varchar(255) NOT NULL,
  `phone_number` varchar(20) DEFAULT NULL,
  `post_code` varchar(20) NOT NULL,
  `city` varchar(100) NOT NULL,
  `country` varchar(100) NOT NULL,
  `dob` date NOT NULL,
  `address` varchar(255) NOT NULL,
  PRIMARY KEY (`user_id`),
  UNIQUE KEY `unique_email` (`email`),
  KEY `idx_country` (`country`)
) ENGINE=InnoDB AUTO_INCREMENT=13 DEFAULT CHARSET=utf8mb4 COLLATE=utf8mb4_0900_ai_ci;
/*!40101 SET character_set_client = @saved_cs_client */;

--
-- Dumping data for table `users`
--

LOCK TABLES `users` WRITE;
/*!40000 ALTER TABLE `users` DISABLE KEYS */;
INSERT INTO `users` VALUES (1,'Jane','','Doe','janedoe@gmail.com','$2y$12$FfkUJFnX8v/CwP8/YJoSl.IfnDXott1GnRwMIUY/1dyHDZ3QqxW0G','','SW6 2DW','London','UK','2000-01-01',''),(2,'John','','Doe','johndoe@gmail.com','$2y$12$YMEz3OpyFKlQ5ELex2lAOu5AoUyTa0uBwisTb2SUgWbdD9THOc4FG','','SW6 2DW','London','United Kingdon','2000-02-01',''),(3,'Anna','Aurora','Axel','annaaxel@gmail.com','$2y$12$Megn/wwuOUkxVZP.NsA.Ee0v0wFGQleAU33B.qeLeZwgvlIyGOlyC','+4411111111111','OX1 AY1','Oxford','UK','2000-03-01',''),(4,'Sara','','Sun','sarasun@gmail.com','$2y$12$IVOjxleeiqBvabUHav/O6e/GbuLmWopHTKyIixl9WTRJDnc62QNjy','','sw1 fe3','London','UK','2005-06-01',''),(6,'Lily','','James','lilyjames@gmail.com','$2y$12$.tKTUE4AVl/NULH8NMDE.ejsalcuRPcU7cdD0p4To6ejJ4c54gFnG','','nw1 8jk','London','England','2000-06-29',''),(7,'Lisa','','Kim','lisakim@gmail.com','$2y$12$5EIVkeuQpQK0NxO.FFhAoegEKoAc0ClLyUph3SZ5k/jEV3z3nMrDO','','sw2 re2','London','UK','2000-01-01',''),(9,'Josh','','Jill','joshjill@gmail.com','$2y$12$He2zdUY/Y6eY7z8Qa8xhmOZgYfAURJ.7bbQ04g6kMIAkVih40r74u','','sw1 re3','London','UK','2000-02-01',''),(10,'Tom','','Gold','tomgold@gmail.com','$2y$12$/jRS/ItJejOJeq6CGeyEluvyP7d9CFHaLhmsuEZ9C3G8b9zNgsAlm','','CM1 H3','Cambridge','UK','1998-02-25',''),(12,'Krista','','Racene','kristaracene@gmail.com','$2y$12$DjmaFSv4Oa6uFWy9K8Oau.5Qe91txHPB.1f4kGmCM57p3ZApYsczm','07522714868','SW4 9QY','London','United Kingdom','2002-02-01','Flat 3');
/*!40000 ALTER TABLE `users` ENABLE KEYS */;
UNLOCK TABLES;
/*!40103 SET TIME_ZONE=@OLD_TIME_ZONE */;

/*!40101 SET SQL_MODE=@OLD_SQL_MODE */;
/*!40014 SET FOREIGN_KEY_CHECKS=@OLD_FOREIGN_KEY_CHECKS */;
/*!40014 SET UNIQUE_CHECKS=@OLD_UNIQUE_CHECKS */;
/*!40101 SET CHARACTER_SET_CLIENT=@OLD_CHARACTER_SET_CLIENT */;
/*!40101 SET CHARACTER_SET_RESULTS=@OLD_CHARACTER_SET_RESULTS */;
/*!40101 SET COLLATION_CONNECTION=@OLD_COLLATION_CONNECTION */;
/*!40111 SET SQL_NOTES=@OLD_SQL_NOTES */;

-- Dump completed on 2025-05-16  9:50:14
